crop_code,Main_use_aggregated,Detailed_use_aggregated,Used_part_aggregated
10000,"environmental, food & beverage, medicinal","minerals, ornamental/turf, protein, sensory applications, vitamins","entire plant, roots, seeds"
10010,"animal food (feed), environmental","ornamental/turf, vitamins",entire plant
10015,"animal food (feed), environmental, food & beverage, material, medicinal, non-vertebrate food","agroforestry, blood system applications, digestive system applications, genitourinary system applications, gums/resins, immune system applications, living fence, minerals, muscular/skeletal applications, paper, skin applications, vitamins","bark, bulbs, entire plant, exudates, fruits, leaves, stems"
10017,animal food (feed),"minerals, vitamins",entire plant
1002,"animal food (feed), environmental, food & beverage, food additive, material, medicinal, poison","blood system applications, condiment/seasoning, digestive system applications, mammals, minerals, nervous system applications, ornamental/turf, respiratory applications, skin applications, timber wood, vitamins","bark, entire plant, flowers, fruits, leaves, seeds"
10030,"environmental, food & beverage","cover crop, minerals, starch, vitamins","entire plant, roots"
10032,"medicinal, poison","digestive system applications, endocrine system applications, mammals, metabolic system applications, skin applications","leaves, roots"
10046,"animal food (feed), food & beverage, medicinal","blood system applications, digestive system applications, skin applications, vitamins","entire plant, leaves"
10057,material,timber wood,bark
10062,material,timber wood,bark
1007,"animal food (feed), environmental, food & beverage, medicinal, poison","agroforestry, insects, living fence, minerals, revegetation, shade & shelter, skin applications, soil improvers, Unspecified, vitamins","entire plant, flowers, leaves, roots, stems"
10081,"food additive, material","emulsifier, fibres, gums/resins, stabiliser, starch, timber wood","bark, exudates, stems"
10082,material,"fibres, gums/resins","exudates, stems"
10083,material,timber wood,bark
10084,"food additive, medicinal","blood system applications, genitourinary system applications, immune system applications, nutritional applications, skin applications, sweetener",leaves
10086,"animal food (feed), environmental","minerals, revegetation, vitamins",entire plant
10088,"animal food (feed), environmental","minerals, revegetation, vitamins",entire plant
10089,animal food (feed),"minerals, vitamins",entire plant
10092,material,paper,leaves
10104,animal food (feed),"minerals, vitamins",entire plant
10105,animal food (feed),"minerals, vitamins",entire plant
10106,animal food (feed),"minerals, vitamins",entire plant
10107,animal food (feed),"minerals, vitamins",entire plant
10108,animal food (feed),"minerals, vitamins",entire plant
10109,"animal food (feed), non-vertebrate food","minerals, vitamins",entire plant
10110,animal food (feed),vitamins,entire plant
1012,"environmental, medicinal","firebreaks, living fence, ornamental/turf, shade & shelter, soil improvers, support, Unspecified, windbreak","entire plant, stems"
10126,"environmental, food & beverage, medicinal","genitourinary system applications, living fence, minerals, respiratory applications, skin applications, vitamins","entire plant, fruits, leaves, roots, stems"
10130,"animal food (feed), food & beverage, fuels, medicinal","digestive system applications, fuelwood, genitourinary system applications, minerals, sensory applications, vitamins","bark, fruits, leaves, roots, stems"
10135,"animal food (feed), food & beverage, material, medicinal, poison","genitourinary system applications, mammals, minerals, respiratory applications, sensory applications, timber wood, vitamins","bark, fruits, leaves, roots, seeds, stems"
10143,animal food (feed),"minerals, vitamins",entire plant
10144,"animal food (feed), medicinal","minerals, Unspecified, vitamins","entire plant, Unspecified"
10145,"animal food (feed), environmental","erosion control, minerals, nitrogen fixation, protein, revegetation",entire plant
10146,"animal food (feed), environmental","erosion control, minerals, protein, soil improvers, vitamins",entire plant
10147,"animal food (feed), environmental","cover crop, erosion control, manure/fertilizer, minerals, protein, soil improvers, vitamins",entire plant
10148,animal food (feed),"minerals, vitamins",entire plant
10149,animal food (feed),"minerals, vitamins",entire plant
10150,"animal food (feed), environmental","agroforestry, minerals, vitamins",entire plant
1017,"environmental, fuels, material, medicinal, poison","agroforestry, bacteria, charcoal, dye/tannin, essential oils, firebreaks, fuelwood, honey, immune system applications, ornamental/turf, paper, respiratory applications, shade & shelter, timber wood","bark, entire plant, flowers, leaves"
10186,material,timber wood,bark
10187,"environmental, fuels, material","fuelwood, ornamental/turf, shade & shelter, timber wood, windbreak","bark, entire plant"
1019,"environmental, fuels, material","agroforestry, charcoal, fuelwood, ornamental/turf, paper, revegetation, timber wood","bark, entire plant"
10207,"animal food (feed), environmental, food & beverage, fuels, material, medicinal, poison","charcoal, digestive system applications, dye/tannin, erosion control, fish, fuelwood, honey, living fence, minerals, ornamental/turf, shade & shelter, timber wood, vitamins","bark, entire plant, flowers, fruits, leaves, roots, stems"
1021,"environmental, fuels, material","agroforestry, charcoal, fuelwood, honey, ornamental/turf, paper, timber wood","bark, entire plant, flowers"
1022,material,timber wood,bark
10223,"environmental, food & beverage, fuels, material, medicinal, poison","charcoal, digestive system applications, fuelwood, mammals, minerals, ornamental/turf, shade & shelter, timber wood, vitamins","bark, entire plant, fruits, stems"
1023,"environmental, fuels, material, medicinal","charcoal, dye/tannin, essential oils, fibres, fuelwood, honey, ornamental/turf, shade & shelter, soil improvers, timber wood, Unspecified","bark, entire plant, flowers, leaves, stems"
1024,"environmental, fuels, material","essential oils, fuelwood, honey, ornamental/turf, paper, revegetation, timber wood","bark, entire plant, flowers, leaves"
1026,"environmental, fuels, material","agroforestry, charcoal, dye/tannin, erosion control, essential oils, fuelwood, honey, paper, revegetation, shade & shelter, timber wood","bark, entire plant, flowers, leaves, stems"
10274,"environmental, fuels, material","agroforestry, charcoal, dye/tannin, erosion control, firebreaks, fuelwood, ornamental/turf, shade & shelter, timber wood, windbreak","bark, entire plant, stems"
10276,"environmental, fuels, material","fuelwood, honey, living fence, ornamental/turf","bark, entire plant, flowers"
10278,"environmental, material, medicinal","blood system applications, digestive system applications, dye/tannin, living fence, shade & shelter","entire plant, leaves"
10284,"environmental, food additive, medicinal, poison","condiment/seasoning, digestive system applications, genitourinary system applications, insects, mammals, metabolic system applications, ornamental/turf","entire plant, flowers"
10291,"food & beverage, medicinal","digestive system applications, endocrine system applications, minerals, skin applications, vitamins","flowers, leaves, roots"
10292,"animal food (feed), environmental, fuels","agroforestry, charcoal, erosion control, fuelwood, minerals, shade & shelter, vitamins","bark, entire plant, leaves"
10299,"material, medicinal, poison","blood system applications, genitourinary system applications, mammals, nervous system applications, timber wood","bark, leaves, seeds"
1030,"environmental, food & beverage, fuels, material, medicinal","agroforestry, digestive system applications, dye/tannin, fuelwood, honey, living fence, minerals, ornamental/turf, revegetation, shade & shelter, timber wood, Unspecified, vitamins, windbreak","bark, entire plant, flowers, fruits, leaves, seeds, stems"
10307,food & beverage,"minerals, vitamins","bulbs, leaves, seeds"
10308,food & beverage,"minerals, vitamins",fruits
10319,"animal food (feed), environmental, food & beverage, medicinal","agroforestry, protein, Unspecified, vitamins","entire plant, sap, seeds"
10321,"environmental, material, medicinal","dye/tannin, ornamental/turf, shade & shelter, timber wood, Unspecified","bark, entire plant, stems"
10322,"animal food (feed), environmental, fuels","fuelwood, minerals, ornamental/turf, vitamins","bark, entire plant, leaves"
10327,"material, medicinal","dye/tannin, timber wood, Unspecified","bark, fruits"
1033,"environmental, food & beverage, material, medicinal","minerals, shade & shelter, starch, timber wood, Unspecified, vitamins","bark, entire plant, fruits, leaves, roots, stems"
10335,"environmental, fuels, material","agroforestry, charcoal, fuelwood, shade & shelter, timber wood","bark, entire plant"
10345,material,timber wood,bark
10348,material,timber wood,bark
10355,"environmental, fuels, material","dye/tannin, fuelwood, ornamental/turf, shade & shelter, timber wood","bark, entire plant, Unspecified"
10356,material,timber wood,bark
10357,"animal food (feed), fuels, poison","fuelwood, mammals, minerals, vitamins","bark, leaves"
10370,food & beverage,"minerals, vitamins","bark, leaves"
10373,"food additive, material, medicinal","condiment/seasoning, dye/tannin, timber wood, Unspecified","bark, fruits, leaves, roots, seeds, stems"
10379,"food additive, medicinal","condiment/seasoning, digestive system applications, metabolic system applications, skin applications",entire plant
10386,food additive,sweetener,fruits
10389,animal food (feed),"minerals, vitamins",entire plant
10391,"environmental, food & beverage, food additive","agroforestry, condiment/seasoning, minerals, vitamins","entire plant, fruits, seeds"
10394,"environmental, food & beverage, food additive","agroforestry, condiment/seasoning, minerals, vitamins","entire plant, fruits, seeds"
10432,"food additive, material, medicinal","aromatics, condiment/seasoning, cosmetics & perfumery, digestive system applications, essential oils, immune system applications, metabolic system applications, muscular/skeletal applications, respiratory applications","flowers, leaves"
10436,material,canes,bark
10446,"environmental, material, medicinal","cosmetics & perfumery, metabolic system applications, muscular/skeletal applications, nervous system applications, ornamental/turf, skin applications, timber wood","bark, entire plant, flowers"
10449,"fuels, material, medicinal","charcoal, digestive system applications, fibres, metabolic system applications, muscular/skeletal applications, nervous system applications, timber wood","bark, flowers, stems"
10458,"animal food (feed), environmental, food & beverage, material, medicinal, poison","digestive system applications, dye/tannin, essential oils, insects, minerals, ornamental/turf, revegetation, shade & shelter, skin applications, timber wood, vitamins","bark, entire plant, flowers, fruits, leaves, stems"
10459,"animal food (feed), environmental, material","minerals, ornamental/turf, shade & shelter, timber wood, vitamins","bark, entire plant, leaves"
10473,"food additive, material, medicinal, poison","condiment/seasoning, digestive system applications, immune system applications, insects, lipids/oil & fats, metabolic system applications","fruits, seeds"
10476,environmental,ornamental/turf,entire plant
10478,"food & beverage, medicinal","blood system applications, digestive system applications, nutritional applications, respiratory applications, vitamins","leaves, roots"
10489,material,timber wood,bark
10521,animal food (feed),"minerals, protein, vitamins",entire plant
10522,"animal food (feed), environmental","minerals, soil improvers, vitamins",entire plant
10524,"animal food (feed), material","honey, minerals, protein, vitamins","entire plant, flowers"
10525,"animal food (feed), medicinal","digestive system applications, genitourinary system applications, minerals, skin applications, vitamins","entire plant, flowers"
10527,animal food (feed),"minerals, protein, vitamins",entire plant
10528,animal food (feed),"minerals, vitamins",entire plant
10529,animal food (feed),"minerals, protein, vitamins",entire plant
10530,"animal food (feed), environmental, material","honey, manure/fertilizer, minerals, ornamental/turf, protein, vitamins","entire plant, flowers"
10532,animal food (feed),"minerals, protein, vitamins",entire plant
10533,animal food (feed),"minerals, vitamins",entire plant
10534,"animal food (feed), environmental, material","erosion control, honey, minerals, soil improvers, vitamins","entire plant, flowers"
10536,animal food (feed),"minerals, protein, vitamins",entire plant
10537,animal food (feed),"protein, vitamins",entire plant
10538,"animal food (feed), environmental","erosion control, minerals, vitamins",entire plant
10539,animal food (feed),"minerals, vitamins",entire plant
10540,"animal food (feed), environmental","manure/fertilizer, minerals, ornamental/turf, protein, vitamins",entire plant
10541,"animal food (feed), material","honey, protein, vitamins","entire plant, flowers"
10544,"animal food (feed), environmental","erosion control, minerals, protein, revegetation, soil improvers, vitamins",entire plant
10545,animal food (feed),"minerals, vitamins",entire plant
10547,animal food (feed),"minerals, protein, vitamins",entire plant
10548,animal food (feed),"minerals, protein, vitamins",entire plant
10554,"animal food (feed), environmental, food & beverage, food additive, fuels, material, medicinal","agroforestry, condiment/seasoning, cosmetics & perfumery, digestive system applications, endocrine system applications, essential oils, metabolic system applications, minerals, non-wood fuel, respiratory applications, skin applications, soil improvers, vitamins","entire plant, leaves, roots, seedlings, seeds"
10562,material,"fibres, timber wood",bark
10563,"animal food (feed), environmental","erosion control, living fence, minerals, mulch, soil improvers, vitamins",entire plant
10564,"animal food (feed), environmental","erosion control, minerals, ornamental/turf, vitamins",entire plant
10568,"environmental, material","ornamental/turf, shade & shelter, timber wood","bark, entire plant"
10579,"animal food (feed), food & beverage","minerals, starch, vitamins","entire plant, seeds"
10581,"animal food (feed), food & beverage","minerals, starch, vitamins","entire plant, seeds"
10582,food & beverage,starch,seeds
1059,poison,"fish, mammals","entire plant, exudates"
10591,"animal food (feed), food & beverage","minerals, starch, vitamins","entire plant, seeds"
10624,"material, medicinal","aromatics, respiratory applications, skin applications","flowers, leaves"
10626,"animal food (feed), food & beverage, material","lipids/oil & fats, minerals, protein, vitamins","leaves, roots, seeds"
10628,"environmental, food & beverage, material, medicinal","blood system applications, digestive system applications, fibres, genitourinary system applications, lipids/oil & fats, pollution control, protein, starch, sugar, Unspecified","bark, buds, bulbs, entire plant, flowers, leaves, seeds"
10631,"environmental, food & beverage, fuels, material, medicinal","blood system applications, digestive system applications, erosion control, fibres, genitourinary system applications, non-wood fuel, paper, protein, skin applications, starch, vitamins","bark, buds, bulbs, flowers, leaves, roots, seeds"
10633,"environmental, food & beverage, fuels, material, medicinal","digestive system applications, fibres, genitourinary system applications, lipids/oil & fats, metabolic system applications, non-wood fuel, other material/chemicals, paper, pollution control, protein, respiratory applications, revegetation, skin applications, starch, Unspecified","bark, buds, bulbs, entire plant, flowers, leaves, roots, seeds"
10644,"animal food (feed), environmental, food & beverage, fuels, material, medicinal, poison","agroforestry, charcoal, digestive system applications, erosion control, fuelwood, honey, insects, living fence, minerals, ornamental/turf, shade & shelter, soil improvers, timber wood, vitamins","bark, entire plant, flowers, fruits, leaves, roots"
10655,"environmental, material, medicinal","digestive system applications, dye/tannin, living fence, skin applications, timber wood","bark, entire plant, leaves, stems"
10663,"material, medicinal","dye/tannin, Unspecified","bulbs, leaves"
10674,"animal food (feed), environmental","cover crop, erosion control, minerals, vitamins",entire plant
10675,animal food (feed),"minerals, vitamins",entire plant
10676,animal food (feed),"minerals, vitamins",entire plant
10679,"food & beverage, material, medicinal","blood system applications, dye/tannin, fibres, genitourinary system applications, lipids/oil & fats, metabolic system applications, minerals, muscular/skeletal applications, skin applications, vitamins","bark, entire plant, leaves, seeds"
1068,"environmental, food & beverage","minerals, ornamental/turf, vitamins, windbreak","entire plant, flowers, fruits"
10686,"animal food (feed), food & beverage, material, medicinal","blood system applications, digestive system applications, fibres, minerals, muscular/skeletal applications, nutritional applications, vitamins","bark, leaves, roots"
10687,"animal food (feed), food & beverage, medicinal","digestive system applications, minerals, nutritional applications, skin applications",entire plant
10700,"food & beverage, medicinal","minerals, Unspecified, vitamins","fruits, Unspecified"
10704,food & beverage,"minerals, vitamins",fruits
1071,"animal food (feed), environmental, food & beverage, material, medicinal","digestive system applications, dye/tannin, metabolic system applications, minerals, ornamental/turf, respiratory applications, sensory applications, shade & shelter, skin applications, vitamins","entire plant, fruits, leaves"
10711,food & beverage,"minerals, vitamins",fruits
10714,"food & beverage, material, medicinal","blood system applications, dye/tannin, minerals, vitamins","fruits, leaves"
10719,"food & beverage, material, medicinal","blood system applications, digestive system applications, dye/tannin, immune system applications, vitamins","entire plant, fruits, leaves"
10733,"food & beverage, fuels, medicinal","dental applications, digestive system applications, fuelwood, minerals, respiratory applications, skin applications, vitamins","bark, fruits, leaves, roots, seeds"
10734,"food & beverage, fuels, material, medicinal","charcoal, fuelwood, honey, minerals, Unspecified, vitamins","bark, flowers, fruits, roots, stems"
10741,"material, medicinal","latex/rubber, timber wood, Unspecified","bark, exudates, Unspecified"
10746,"animal food (feed), environmental, fuels, material, medicinal","fuelwood, gums/resins, minerals, shade & shelter, Unspecified, vitamins","bark, entire plant, exudates, leaves, Unspecified"
10747,"medicinal, poison","digestive system applications, insects, mammals, respiratory applications, sensory applications","entire plant, roots"
1075,"environmental, material","latex/rubber, ornamental/turf","entire plant, exudates"
10753,medicinal,"digestive system applications, respiratory applications, skin applications",flowers
10758,"food & beverage, food additive, material, medicinal","condiment/seasoning, digestive system applications, essential oils, minerals, respiratory applications, sensory applications","entire plant, leaves"
10763,"animal food (feed), environmental, food & beverage, fuels, material, medicinal","charcoal, digestive system applications, erosion control, fuelwood, living fence, minerals, ornamental/turf, skin applications, timber wood, vitamins","bark, entire plant, leaves, roots"
10802,"animal food (feed), environmental","cover crop, erosion control, minerals, protein, vitamins",entire plant
10808,"animal food (feed), environmental, food & beverage","erosion control, minerals, protein, vitamins","entire plant, seeds"
10809,animal food (feed),"minerals, protein, vitamins",entire plant
10810,"animal food (feed), environmental","erosion control, minerals, vitamins",entire plant
10816,animal food (feed),"minerals, protein, vitamins",entire plant
10823,animal food (feed),"minerals, vitamins",entire plant
10825,"animal food (feed), environmental","cover crop, manure/fertilizer, minerals, vitamins",entire plant
10827,"animal food (feed), environmental","cover crop, minerals, vitamins",entire plant
10830,"environmental, food & beverage, medicinal","digestive system applications, protein, soil improvers","entire plant, seeds"
10831,"animal food (feed), environmental","manure/fertilizer, protein, vitamins",entire plant
10833,"animal food (feed), food & beverage",Unspecified,"entire plant, fruits"
10834,"animal food (feed), environmental, food & beverage","manure/fertilizer, minerals, ornamental/turf, protein, soil improvers, vitamins","entire plant, fruits, seeds"
10835,"animal food (feed), environmental, food & beverage","agroforestry, minerals, protein, soil improvers, vitamins","entire plant, fruits, leaves, seeds"
10836,"animal food (feed), environmental, food & beverage","cover crop, erosion control, manure/fertilizer, minerals, pioneer, protein, revegetation, soil improvers, vitamins","entire plant, fruits, leaves, roots, seeds"
10841,"environmental, medicinal","blood system applications, digestive system applications, muscular/skeletal applications, ornamental/turf, skin applications","entire plant, leaves, roots"
10850,"material, medicinal","cosmetics & perfumery, digestive system applications, respiratory applications, skin applications","flowers, leaves, roots"
10853,medicinal,"digestive system applications, metabolic system applications, muscular/skeletal applications, skin applications","entire plant, leaves, roots"
10860,medicinal,"blood system applications, digestive system applications, skin applications","bark, leaves"
10862,"animal food (feed), environmental, food & beverage, fuels, material, medicinal, poison","agroforestry, charcoal, cosmetics & perfumery, digestive system applications, dye/tannin, erosion control, fuelwood, honey, insects, latex/rubber, lipids, lipids/oil & fats, manure/fertilizer, minerals, muscular/skeletal applications, pollution control, sensory applications, skin applications, timber wood, vitamins","bark, entire plant, flowers, fruits, leaves, roots, seeds, stems"
10870,medicinal,"digestive system applications, genitourinary system applications, skin applications","flowers, fruits, leaves"
10874,"animal food (feed), environmental, food & beverage, fuels, material, medicinal, non-vertebrate food","blood system applications, charcoal, digestive system applications, dye/tannin, fuelwood, genitourinary system applications, living fence, minerals, mulch, nitrogen fixation, sensory applications, shade & shelter, timber wood, vitamins","bark, entire plant, fruits, leaves, roots, seeds, stems"
10880,"environmental, food & beverage, fuels, material","fuelwood, minerals, mulch, ornamental/turf, timber wood, vitamins, windbreak","bark, entire plant, fruits, leaves"
10884,"environmental, medicinal","digestive system applications, endocrine system applications, genitourinary system applications, immune system applications, living fence, muscular/skeletal applications, ornamental/turf, respiratory applications, sensory applications, skin applications","entire plant, leaves, roots, seeds"
10885,"animal food (feed), environmental, material, medicinal","agroforestry, minerals, timber wood, Unspecified, vitamins","bark, entire plant, leaves, stems"
10895,"animal food (feed), food & beverage, material","lipids/oil & fats, minerals, vitamins","fruits, leaves, seeds"
10900,food & beverage,"minerals, vitamins",fruits
10914,"animal food (feed), environmental, food & beverage, food additive, fuels, material, medicinal","condiment/seasoning, digestive system applications, fuelwood, gums/resins, minerals, nervous system applications, protein, shade & shelter, skin applications, soil improvers, timber wood, vitamins","bark, entire plant, exudates, fruits, leaves, roots, seeds, stems"
10920,medicinal,"genitourinary system applications, immune system applications, muscular/skeletal applications, nervous system applications","fruits, leaves, roots, seeds, stems"
10924,material,timber wood,bark
10941,food & beverage,"minerals, vitamins",leaves
10952,material,timber wood,bark
10953,material,timber wood,bark
10954,"material, medicinal","dye/tannin, timber wood, Unspecified","bark, seeds, stems"
10955,"fuels, material, medicinal","dye/tannin, fuelwood, timber wood, Unspecified","bark, seeds, stems"
10956,"fuels, material, medicinal","dye/tannin, fuelwood, timber wood, Unspecified","bark, seeds, stems"
1096,"food & beverage, food additive, medicinal","condiment/seasoning, minerals, Unspecified, vitamins",rhizomes
10967,"environmental, food & beverage, material","erosion control, fibres, living fence, minerals, ornamental/turf, vitamins","entire plant, flowers, leaves, stems"
10981,"animal food (feed), food & beverage, material","gums/resins, lipids/oil & fats, minerals, vitamins","entire plant, fruits, seeds, Unspecified"
10982,"animal food (feed), food & beverage, food additive, material","lipids/oil & fats, minerals, sweetener, vitamins","entire plant, seeds"
10994,"food & beverage, material, medicinal","fibres, genitourinary system applications, immune system applications, Unspecified","bark, buds, bulbs, leaves, roots, seeds"
11001,"animal food (feed), environmental, food & beverage, food additive, fuels, material, medicinal","charcoal, condiment/seasoning, digestive system applications, dye/tannin, endocrine system applications, fuelwood, honey, living fence, minerals, muscular/skeletal applications, respiratory applications, sensory applications, skin applications, vitamins","bark, entire plant, flowers, fruits, leaves, roots, seeds, stems"
11015,"animal food (feed), food & beverage","minerals, vitamins",entire plant
11018,"animal food (feed), environmental","erosion control, minerals, vitamins",entire plant
11029,"food & beverage, material, medicinal, poison","digestive system applications, dye/tannin, fibres, genitourinary system applications, insects, mammals, nervous system applications, skin applications, vitamins","fruits, leaves, seeds, stems"
1104,"animal food (feed), environmental, fuels, material, medicinal, non-vertebrate food","agroforestry, dye/tannin, fuelwood, living fence, manure/fertilizer, minerals, muscular/skeletal applications, nitrogen fixation, shade & shelter, skin applications, soil improvers, support, vitamins","bark, entire plant, fruits, leaves, roots"
11059,medicinal,"blood system applications, nervous system applications",roots
11067,material,fibres,bark
1107,"environmental, food & beverage, food additive, material, medicinal, poison","agroforestry, blood system applications, condiment/seasoning, digestive system applications, endocrine system applications, essential oils, mammals, minerals, muscular/skeletal applications, nervous system applications, nutritional applications, respiratory applications, vitamins","entire plant, leaves, roots, seeds"
1110,"environmental, food & beverage, medicinal","living fence, minerals, nutritional applications, ornamental/turf, vitamins","entire plant, fruits"
1112,food & beverage,"minerals, vitamins",fruits
1122,"food & beverage, material, medicinal","dye/tannin, minerals, timber wood, Unspecified, vitamins","bark, fruits, stems"
1125,"food & beverage, material","latex/rubber, minerals, vitamins","exudates, fruits"
11281,"environmental, food additive, material, medicinal","colorant, cosmetics & perfumery, digestive system applications, ornamental/turf, respiratory applications, skin applications","entire plant, flowers"
11291,"environmental, food & beverage, material","lipids/oil & fats, manure/fertilizer, minerals, protein, vitamins","leaves, roots, seeds"
11324,medicinal,"digestive system applications, nervous system applications",leaves
11399,"animal food (feed), environmental","pioneer, protein, vitamins",entire plant
11401,"animal food (feed), environmental","erosion control, protein, vitamins",entire plant
11426,"animal food (feed), food & beverage",Unspecified,"entire plant, fruits"
1146,"animal food (feed), environmental, fuels, material, medicinal, poison","firebreaks, fuelwood, honey, living fence, mammals, manure/fertilizer, minerals, revegetation, shade & shelter, soil improvers, support, timber wood, Unspecified, vitamins, windbreak","bark, entire plant, flowers, leaves, roots, seeds, stems"
1150,"animal food (feed), environmental, food & beverage, food additive, fuels, material","agroforestry, condiment/seasoning, cosmetics & perfumery, fibres, lipids/oil & fats, minerals, petroleum substitutes/alcohol, protein, soil improvers, stabiliser, vitamins","entire plant, fruits, leaves, seedlings, seeds"
1152,"animal food (feed), environmental, food & beverage, fuels, material, medicinal, non-vertebrate food","agroforestry, charcoal, fuelwood, honey, minerals, ornamental/turf, paper, shade & shelter, timber wood, Unspecified, vitamins","bark, entire plant, exudates, flowers, fruits, leaves, roots, stems"
1158,"animal food (feed), environmental, material","fibres, lipids/oil & fats, manure/fertilizer, minerals, ornamental/turf, vitamins","entire plant, fruits, seeds"
1160,"animal food (feed), fuels, material","fibres, lipids/oil & fats, minerals, petroleum substitutes/alcohol, vitamins","fruits, seeds"
11641,"environmental, fuels, material, medicinal, poison","digestive system applications, endocrine system applications, erosion control, fuelwood, honey, immune system applications, mammals, manure/fertilizer, ornamental/turf, shade & shelter, timber wood","bark, entire plant, flowers, leaves, stems"
11652,"animal food (feed), environmental","erosion control, minerals, vitamins",entire plant
11655,"environmental, fuels, material","fuelwood, honey, manure/fertilizer, nitrogen fixation, ornamental/turf, shade & shelter, timber wood","bark, entire plant, flowers, roots"
11660,"animal food (feed), environmental, fuels","fuelwood, protein, shade & shelter, vitamins, windbreak","bark, entire plant, leaves"
11661,"animal food (feed), food & beverage, fuels, material","fuelwood, protein, timber wood, vitamins","bark, fruits, leaves"
11684,"animal food (feed), food & beverage","protein, vitamins","entire plant, fruits"
11687,"animal food (feed), food & beverage","protein, vitamins","fruits, leaves, seeds"
11689,"animal food (feed), environmental, food & beverage","minerals, protein, shade & shelter, vitamins","entire plant, fruits, leaves"
11691,"animal food (feed), fuels, material","fuelwood, protein, timber wood, vitamins","bark, leaves"
11698,"animal food (feed), environmental, material","agroforestry, erosion control, honey, minerals, vitamins","entire plant, flowers, leaves"
1170,"environmental, fuels, material, poison","agroforestry, fibres, fuelwood, gums/resins, honey, mammals, ornamental/turf, revegetation, shade & shelter, soil improvers, timber wood, windbreak","bark, entire plant, flowers, leaves"
11711,animal food (feed),"minerals, protein, vitamins","fruits, leaves"
11750,"food & beverage, medicinal","blood system applications, digestive system applications, immune system applications, skin applications, Unspecified","flowers, leaves"
11752,"animal food (feed), environmental, food & beverage, fuels, material, medicinal","agroforestry, charcoal, digestive system applications, erosion control, fuelwood, honey, living fence, manure/fertilizer, minerals, nitrogen fixation, protein, respiratory applications, shade & shelter, skin applications, support, timber wood, vitamins","bark, entire plant, exudates, flowers, fruits, leaves, roots, shoots"
11776,"environmental, fuels, material, medicinal","charcoal, erosion control, fuelwood, honey, nitrogen fixation, ornamental/turf, shade & shelter, Unspecified","bark, entire plant, flowers, roots, Unspecified"
11814,animal food (feed),Unspecified,leaves
11819,"animal food (feed), fuels, material","fuelwood, honey, minerals, protein, timber wood, vitamins","bark, flowers, fruits, leaves"
11848,"animal food (feed), environmental, fuels, material, medicinal","digestive system applications, fibres, fuelwood, minerals, revegetation, timber wood, vitamins","bark, entire plant, leaves, roots, Unspecified"
11882,"animal food (feed), environmental","minerals, protein, shade & shelter, vitamins","entire plant, fruits, leaves"
1191,"animal food (feed), environmental, fuels, material, medicinal","digestive system applications, essential oils, fibres, lipids/oil & fats, minerals, ornamental/turf, petroleum substitutes/alcohol, vitamins","entire plant, flowers, seeds"
1193,"animal food (feed), food & beverage, food additive, material","condiment/seasoning, gums/resins, minerals, starch, vitamins","roots, Unspecified"
1203,animal food (feed),"minerals, vitamins",entire plant
1205,"fuels, material, medicinal, non-vertebrate food, poison","dye/tannin, fish, fuelwood, minerals, paper, timber wood, Unspecified, vitamins","bark, fruits, roots, seeds, stems"
1210,"animal food (feed), environmental","erosion control, minerals, vitamins",entire plant
1212,"animal food (feed), environmental, food & beverage, fuels, material, poison","agroforestry, charcoal, fibres, fuelwood, honey, latex/rubber, lipids, lipids/oil & fats, mammals, manure/fertilizer, minerals, timber wood","bark, entire plant, exudates, flowers, seeds"
1213,"animal food (feed), food & beverage, food additive, fuels, material","condiment/seasoning, dye/tannin, fibres, fuelwood, lipids/oil & fats, petroleum substitutes/alcohol, Unspecified","bark, entire plant, leaves, seeds"
1216,"animal food (feed), food & beverage, food additive, material, medicinal","blood system applications, condiment/seasoning, digestive system applications, fibres, genitourinary system applications, minerals, muscular/skeletal applications, protein, respiratory applications, skin applications, vitamins","bark, flowers, fruits, leaves, roots, seeds, stems"
12170,"animal food (feed), environmental","minerals, ornamental/turf, vitamins",entire plant
12183,"animal food (feed), food & beverage, medicinal","blood system applications, vitamins","entire plant, seedlings"
12184,"animal food (feed), environmental, fuels, material, medicinal, poison","agroforestry, charcoal, digestive system applications, dye/tannin, erosion control, fuelwood, gums/resins, mammals, minerals, ornamental/turf, respiratory applications, revegetation, shade & shelter, timber wood, vitamins","bark, entire plant, exudates, fruits, leaves, seeds, stems"
1220,"environmental, food & beverage, material, medicinal","digestive system applications, dye/tannin, genitourinary system applications, lipids/oil & fats, living fence, ornamental/turf, paper, respiratory applications, sensory applications, skin applications, Unspecified","bark, entire plant, flowers, leaves, roots, seeds"
12200,"environmental, medicinal, poison","mammals, ornamental/turf, Unspecified","entire plant, leaves, roots"
1221,"environmental, fuels, material","agroforestry, erosion control, fibres, fuelwood, ornamental/turf, timber wood","bark, entire plant, Unspecified"
12245,animal food (feed),"minerals, vitamins",entire plant
1232,"animal food (feed), food & beverage, medicinal","digestive system applications, minerals, starch, vitamins","bark, seeds"
12320,"environmental, medicinal","blood system applications, digestive system applications, endocrine system applications, genitourinary system applications, immune system applications, muscular/skeletal applications, ornamental/turf, respiratory applications, skin applications","entire plant, leaves, roots"
12347,"food additive, medicinal, poison","condiment/seasoning, digestive system applications, genitourinary system applications, mammals, muscular/skeletal applications",entire plant
12381,"environmental, medicinal","immune system applications, ornamental/turf, respiratory applications, skin applications","entire plant, flowers, leaves"
12393,"material, medicinal, poison","fibres, honey, mammals, Unspecified","entire plant, flowers, roots, stems"
12396,"environmental, food & beverage, medicinal","minerals, ornamental/turf, skin applications, vitamins","bark, entire plant, flowers, roots"
12414,"food & beverage, medicinal, social","blood system applications, digestive system applications, minerals, smoking material, vitamins","fruits, leaves"
12445,"medicinal, poison","genitourinary system applications, mammals, respiratory applications, skin applications",roots
12484,"environmental, food & beverage, medicinal, poison","digestive system applications, genitourinary system applications, mammals, nervous system applications, ornamental/turf, respiratory applications, Unspecified","bulbs, entire plant, flowers, leaves, roots"
12493,"environmental, food & beverage, material, medicinal, poison","digestive system applications, dye/tannin, fibres, genitourinary system applications, immune system applications, latex/rubber, mammals, muscular/skeletal applications, paper, pollution control, sensory applications, skin applications, Unspecified","bark, buds, flowers, fruits, leaves, roots, sap, seeds, stems"
12500,medicinal,Unspecified,Unspecified
1252,"animal food (feed), environmental, food & beverage, fuels, material, medicinal","erosion control, minerals, non-wood fuel, ornamental/turf, paper, respiratory applications, revegetation, vitamins","entire plant, leaves, roots"
1256,"environmental, material, poison","cover crop, dye/tannin, mammals","entire plant, leaves"
1260,"animal food (feed), environmental, food & beverage, food additive, fuels, material, medicinal","agroforestry, charcoal, condiment/seasoning, digestive system applications, erosion control, fuelwood, manure/fertilizer, minerals, mulch, muscular/skeletal applications, nitrogen fixation, ornamental/turf, protein, shade & shelter, soil improvers, sugar, timber wood, vitamins","bark, entire plant, fruits, leaves, roots, seeds, stems"
126290,animal food (feed),"minerals, vitamins",leaves
1263,"environmental, material, medicinal","digestive system applications, dye/tannin, nitrogen fixation, timber wood, Unspecified","bark, leaves, roots, seeds, stems"
1264,"animal food (feed), food & beverage","minerals, protein, vitamins","bark, leaves"
1265,"animal food (feed), food & beverage, fuels","alcohol, minerals, petroleum substitutes/alcohol, starch, vitamins","entire plant, leaves, roots"
12709,"animal food (feed), environmental","erosion control, minerals, vitamins",entire plant
127113,"environmental, material, medicinal","ornamental/turf, paper, timber wood, Unspecified","bark, entire plant, leaves"
127115,"animal food (feed), environmental","erosion control, minerals, vitamins",entire plant
127526,"environmental, food & beverage, material, medicinal","digestive system applications, latex/rubber, minerals, ornamental/turf, skin applications, vitamins","bark, entire plant, fruits"
1281,"animal food (feed), environmental","erosion control, minerals, vitamins",entire plant
1283,"animal food (feed), food & beverage","minerals, vitamins","entire plant, seeds"
1285,"animal food (feed), environmental","cover crop, erosion control, minerals, vitamins",entire plant
12852,"environmental, food & beverage, material, medicinal","dye/tannin, endocrine system applications, erosion control, fibres, genitourinary system applications, lipids, lipids/oil & fats, living fence, nitrogen fixation, protein, shade & shelter, soil improvers, vitamins","entire plant, fruits, leaves, roots, seeds, stems"
1297,"environmental, fuels, material, medicinal","digestive system applications, erosion control, lipids/oil & fats, living fence, petroleum substitutes/alcohol, soil improvers","entire plant, fruits, leaves, seeds, stems"
13007,"food & beverage, material, medicinal","blood system applications, digestive system applications, dye/tannin, lipids/oil & fats, sensory applications, timber wood, vitamins","bark, fruits, leaves, seeds"
1306,"animal food (feed), environmental, food & beverage, material, medicinal, poison","digestive system applications, dye/tannin, erosion control, genitourinary system applications, honey, mammals, minerals, muscular/skeletal applications, ornamental/turf, shade & shelter, skin applications, timber wood, vitamins","bark, entire plant, flowers, fruits, leaves, roots, seeds, stems"
1311,"animal food (feed), environmental, food & beverage","cover crop, erosion control, manure/fertilizer, minerals, nitrogen fixation, ornamental/turf, protein, soil improvers, vitamins","entire plant, fruits, leaves, roots, seedlings, seeds"
1313,"food & beverage, medicinal, social","nervous system applications, nutritional applications, skin applications, smoking material, vitamins","leaves, seeds"
1315,"food & beverage, material, medicinal","lipids, lipids/oil & fats, minerals, Unspecified, vitamins","bulbs, fruits, seeds"
1317,material,timber wood,bark
1333,"food additive, material, medicinal","aromatics, condiment/seasoning, digestive system applications, essential oils, immune system applications, lipids/oil & fats, nervous system applications","bark, fruits, leaves"
1334,"environmental, material, medicinal","digestive system applications, dye/tannin, erosion control, essential oils, genitourinary system applications, immune system applications, living fence, muscular/skeletal applications, nutritional applications, ornamental/turf, respiratory applications, timber wood","bark, bulbs, entire plant, flowers, leaves, roots"
13402,"environmental, food & beverage, material, medicinal","blood system applications, digestive system applications, immune system applications, living fence, minerals, nervous system applications, ornamental/turf, timber wood, vitamins","bark, entire plant, fruits, stems"
1342,"animal food (feed), environmental, material","erosion control, minerals, paper, soil improvers, vitamins","bark, entire plant"
1344,"animal food (feed), environmental, food & beverage, fuels, material, poison","charcoal, dye/tannin, erosion control, fibres, fuelwood, gums/resins, living fence, mammals, minerals, nitrogen fixation, ornamental/turf, protein, revegetation, shade & shelter, soil improvers, support, timber wood, vitamins","bark, entire plant, exudates, fruits, leaves, roots, seeds, stems"
13538,medicinal,"blood system applications, skin applications","bark, flowers, leaves"
1357,"environmental, food & beverage, material, medicinal","agroforestry, honey, minerals, ornamental/turf, shade & shelter, timber wood, Unspecified, vitamins","bark, entire plant, flowers, fruits, seeds"
1362,"animal food (feed), environmental","erosion control, minerals, ornamental/turf, protein, soil improvers, vitamins","entire plant, leaves"
1363,animal food (feed),"minerals, vitamins",entire plant
1367,animal food (feed),"minerals, protein, vitamins",entire plant
13690,animal food (feed),"protein, vitamins",entire plant
1373,"environmental, food & beverage, material, medicinal","agroforestry, lipids/oil & fats, minerals, Unspecified, vitamins","bulbs, entire plant, flowers, fruits, leaves, seeds, unspecified part"
13746,"environmental, food additive, medicinal","blood system applications, condiment/seasoning, digestive system applications, metabolic system applications, ornamental/turf, skin applications","entire plant, flowers"
13775,"environmental, medicinal, poison","digestive system applications, immune system applications, mammals, ornamental/turf","entire plant, roots"
1379,"animal food (feed), food & beverage, material, medicinal, poison, social","cosmetics & perfumery, digestive system applications, insects, minerals, muscular/skeletal applications, smoking material, vitamins","entire plant, flowers, fruits, leaves"
1382,"environmental, food & beverage, fuels, material","agroforestry, dye/tannin, honey, lipids, lipids/oil & fats, minerals, non-wood fuel, ornamental/turf, protein, shade & shelter, soil improvers, vitamins","entire plant, flowers, fruits, seeds"
1384,material,other material/chemicals,bark
1392,"environmental, fuels, material","fibres, fuelwood, shade & shelter","bark, entire plant"
1396,"animal food (feed), environmental","cover crop, erosion control, minerals, revegetation, vitamins",entire plant
1397,"animal food (feed), environmental","cover crop, manure/fertilizer, minerals, nitrogen fixation, vitamins","entire plant, roots"
1398,"animal food (feed), environmental","agroforestry, minerals, vitamins",entire plant
1399,"animal food (feed), environmental, food & beverage, medicinal","blood system applications, erosion control, genitourinary system applications, manure/fertilizer, minerals, pioneer, protein, soil improvers, vitamins","entire plant, seeds"
14023,"environmental, food & beverage, medicinal","genitourinary system applications, metabolic system applications, minerals, nervous system applications, ornamental/turf, respiratory applications, vitamins","entire plant, roots"
14047,medicinal,nervous system applications,leaves
14054,"material, medicinal","fibres, immune system applications, other material/chemicals, respiratory applications, skin applications, timber wood","bark, leaves"
1406,"environmental, food & beverage, material, medicinal","agroforestry, dye/tannin, living fence, minerals, ornamental/turf, timber wood, Unspecified, vitamins","bark, entire plant, fruits, stems"
14060,"environmental, food & beverage, material, medicinal","dye/tannin, essential oils, minerals, ornamental/turf, shade & shelter, timber wood, Unspecified, vitamins","bark, entire plant, fruits, leaves, seeds, stems"
14068,medicinal,"digestive system applications, endocrine system applications, genitourinary system applications, metabolic system applications","flowers, leaves, roots"
1407,"animal food (feed), food & beverage, fuels, material","charcoal, fuelwood, gums/resins, minerals, timber wood, vitamins","bark, fruits"
1410,"animal food (feed), food & beverage, fuels, material, medicinal","charcoal, digestive system applications, fuelwood, gums/resins, minerals, nervous system applications, skin applications, vitamins","bark, exudates, fruits, leaves"
1414,"food & beverage, fuels, material, medicinal, poison","digestive system applications, dye/tannin, fish, fuelwood, immune system applications, insects, mammals, minerals, skin applications, timber wood, vitamins","bark, exudates, flowers, fruits, leaves, seeds, stems"
1416,"animal food (feed), food & beverage, fuels, material, medicinal","blood system applications, charcoal, digestive system applications, dye/tannin, fuelwood, immune system applications, minerals, muscular/skeletal applications, skin applications, timber wood, vitamins","bark, fruits, leaves, seeds, stems"
14194,"animal food (feed), environmental","erosion control, minerals, vitamins",entire plant
1420,"animal food (feed), food & beverage, fuels","alcohol, minerals, petroleum substitutes/alcohol, protein, starch","leaves, roots"
1428,"animal food (feed), environmental, food & beverage, fuels, material","dye/tannin, erosion control, fibres, lipids/oil & fats, minerals, non-wood fuel, pollution control, protein, soil improvers, vitamins","bark, entire plant, leaves, seedlings, seeds"
1430,"environmental, fuels, material, medicinal","erosion control, fuelwood, honey, ornamental/turf, shade & shelter, timber wood, Unspecified","bark, entire plant, flowers, Unspecified"
1431,"environmental, fuels, material, medicinal","agroforestry, charcoal, erosion control, essential oils, fuelwood, honey, ornamental/turf, paper, timber wood, Unspecified, windbreak","bark, entire plant, flowers, leaves"
1433,"environmental, fuels, material, medicinal","erosion control, essential oils, fuelwood, honey, ornamental/turf, revegetation, shade & shelter, Unspecified","bark, entire plant, flowers, leaves"
1436,food & beverage,"minerals, vitamins",fruits
1437,"animal food (feed), environmental, material, poison","erosion control, essential oils, insects, minerals, pioneer, vitamins","entire plant, leaves"
1448,"food additive, material, medicinal","condiment/seasoning, essential oils, Unspecified",leaves
14639,"environmental, food & beverage, medicinal","nutritional applications, ornamental/turf, vitamins","entire plant, fruits"
1466,"animal food (feed), environmental, food & beverage, fuels, material","alcohol, fibres, fuelwood, minerals, petroleum substitutes/alcohol, shade & shelter, starch, timber wood","bark, entire plant, fruits, leaves"
1472,animal food (feed),"minerals, vitamins",entire plant
1478,"animal food (feed), environmental","minerals, soil improvers, vitamins",entire plant
148253,"food & beverage, material, medicinal","dye/tannin, fibres, minerals, timber wood, Unspecified, vitamins","bark, fruits, leaves, Unspecified"
148275,"environmental, medicinal","ornamental/turf, Unspecified","entire plant, flowers, leaves, roots"
148305,animal food (feed),"minerals, vitamins",entire plant
148306,"animal food (feed), environmental","erosion control, minerals, vitamins",entire plant
1485,"environmental, food & beverage, medicinal","minerals, ornamental/turf, Unspecified, vitamins","bark, entire plant, leaves, Unspecified"
1488,"environmental, food & beverage, fuels, material, medicinal, poison","dye/tannin, fuelwood, mammals, minerals, pioneer, support, Unspecified, vitamins","bark, entire plant, fruits, leaves, roots"
148964,"food & beverage, poison","mammals, minerals, vitamins","bark, fruits, leaves, roots"
148966,"food & beverage, material, poison","gums/resins, mammals, minerals, starch, vitamins","bark, fruits, leaves, roots, seeds"
148967,"animal food (feed), food & beverage","minerals, protein, starch, vitamins","bark, leaves, roots"
148974,"environmental, food & beverage, medicinal","immune system applications, minerals, ornamental/turf, vitamins","entire plant, fruits, seeds"
149006,"food & beverage, poison","birds, mammals, minerals, vitamins","flowers, fruits, leaves, roots, stems"
1491,"animal food (feed), environmental, food & beverage, material, medicinal, non-vertebrate food","blood system applications, digestive system applications, dye/tannin, erosion control, essential oils, immune system applications, minerals, ornamental/turf, paper, respiratory applications, sensory applications, shade & shelter, skin applications, soil improvers, timber wood, vitamins","bark, entire plant, fruits, leaves, stems"
1500,"environmental, food & beverage, fuels, material, medicinal","fibres, fuelwood, immune system applications, minerals, ornamental/turf, paper, sensory applications, shade & shelter, vitamins","bark, entire plant, flowers, fruits, leaves, stems"
1503,food & beverage,"minerals, vitamins",fruits
1506,material,"fibres, paper",leaves
1514,"environmental, food additive, material, medicinal, poison","agroforestry, condiment/seasoning, essential oils, mammals, Unspecified","entire plant, seeds"
1522,"animal food (feed), food & beverage, medicinal","blood system applications, minerals, respiratory applications, vitamins",entire plant
1524,"animal food (feed), environmental, fuels, material, medicinal","digestive system applications, fuelwood, genitourinary system applications, minerals, shade & shelter, timber wood, vitamins","bark, entire plant, leaves, stems"
1528,"environmental, food & beverage, material, medicinal","agroforestry, digestive system applications, dye/tannin, lipids, lipids/oil & fats, manure/fertilizer, minerals, ornamental/turf, sensory applications, shade & shelter, skin applications, timber wood, Unspecified, vitamins","bark, bulbs, entire plant, fruits, leaves, seeds, stems"
1531,"environmental, medicinal, poison","blood system applications, mammals, ornamental/turf","entire plant, leaves"
1534,"material, poison, social","essential oils, insects, smoking material",leaves
1543,"environmental, food & beverage, food additive","agroforestry, minerals, shade & shelter, sweetener, vitamins","entire plant, fruits, seeds, Unspecified"
15430,"environmental, medicinal","blood system applications, immune system applications, ornamental/turf, skin applications",entire plant
1547,"environmental, food & beverage, material, medicinal","agroforestry, digestive system applications, endocrine system applications, essential oils, minerals, nervous system applications",entire plant
1553,"animal food (feed), environmental, food & beverage, fuels, material, medicinal","blood system applications, digestive system applications, fuelwood, lipids/oil & fats, minerals, ornamental/turf, respiratory applications, skin applications, timber wood, vitamins","bark, entire plant, exudates, fruits, leaves"
15579,"environmental, medicinal","digestive system applications, skin applications, Unspecified","entire plant, flowers, leaves, roots"
15627,animal food (feed),"protein, vitamins",entire plant
1574,"food & beverage, fuels, material","fibres, lipids/oil & fats, non-wood fuel, other material/chemicals, paper, starch, vitamins","leaves, seeds"
15753,"animal food (feed), environmental","cover crop, erosion control, minerals, vitamins",entire plant
15772,"food & beverage, medicinal","digestive system applications, skin applications, vitamins","entire plant, leaves"
15774,medicinal,"blood system applications, digestive system applications, skin applications",entire plant
15781,"animal food (feed), environmental","erosion control, minerals, vitamins",entire plant
1582,"animal food (feed), environmental, food & beverage, poison","fish, insects, mammals, manure/fertilizer, minerals, protein, vitamins","bark, entire plant, fruits, leaves, roots"
15820,"animal food (feed), environmental, fuels, material, medicinal, poison","dental applications, digestive system applications, fuelwood, genitourinary system applications, honey, mammals, minerals, ornamental/turf, protein, respiratory applications, sensory applications, shade & shelter, skin applications, timber wood, vitamins","bark, entire plant, exudates, flowers, fruits, leaves, roots, stems"
15851,medicinal,"digestive system applications, muscular/skeletal applications","leaves, roots"
1602,"animal food (feed), food & beverage","minerals, starch, vitamins","entire plant, seeds"
1603,"animal food (feed), environmental","erosion control, minerals, vitamins",entire plant
1605,"animal food (feed), fuels","alcohol, minerals, petroleum substitutes/alcohol, vitamins","bark, entire plant"
16098,"environmental, food & beverage, medicinal","genitourinary system applications, ornamental/turf, starch, Unspecified","entire plant, leaves, seeds"
16100,"animal food (feed), environmental, fuels, material, medicinal","agroforestry, digestive system applications, dye/tannin, endocrine system applications, fuelwood, living fence, manure/fertilizer, minerals, muscular/skeletal applications, ornamental/turf, paper, respiratory applications, shade & shelter, timber wood, vitamins","bark, entire plant, leaves, stems"
16152,"material, medicinal","blood system applications, digestive system applications, dye/tannin, immune system applications",roots
1617,"animal food (feed), environmental, food & beverage, fuels","agroforestry, charcoal, erosion control, fuelwood, living fence, minerals, ornamental/turf, protein, shade & shelter, vitamins","bark, entire plant, fruits, leaves, seeds"
16203,"food & beverage, material, medicinal, poison","cosmetics & perfumery, digestive system applications, immune system applications, mammals, minerals, nutritional applications, timber wood, vitamins","bark, fruits, seeds, stems"
1623,"animal food (feed), environmental","erosion control, minerals, vitamins",entire plant
16275,"environmental, material","erosion control, ornamental/turf, timber wood","bark, entire plant"
16277,"animal food (feed), environmental, fuels","erosion control, fuelwood, minerals, ornamental/turf, vitamins","bark, entire plant, leaves"
1628,"animal food (feed), environmental","cover crop, minerals, vitamins",entire plant
1630,"animal food (feed), food & beverage","minerals, protein, starch, vitamins","entire plant, seeds"
1634,"environmental, food & beverage","agroforestry, minerals, vitamins","entire plant, fruits"
1637,"food & beverage, poison","mammals, minerals, vitamins","fruits, leaves"
1638,"animal food (feed), environmental, food & beverage, material","honey, minerals, ornamental/turf, vitamins","entire plant, flowers, fruits"
1639,"food & beverage, medicinal, poison","digestive system applications, genitourinary system applications, mammals, minerals, nervous system applications, nutritional applications, skin applications, starch, vitamins","fruits, leaves, roots, seeds"
1642,"food & beverage, food additive, medicinal","condiment/seasoning, minerals, Unspecified, vitamins","leaves, roots, Unspecified"
1649,"animal food (feed), environmental","erosion control, minerals, ornamental/turf, protein, vitamins",entire plant
1650,"animal food (feed), environmental",Unspecified,entire plant
1651,"animal food (feed), environmental, fuels, material","erosion control, fibres, living fence, minerals, non-wood fuel, vitamins, windbreak","bark, entire plant"
16538,"animal food (feed), environmental, fuels, material, medicinal","charcoal, minerals, muscular/skeletal applications, nervous system applications, ornamental/turf, skin applications, timber wood, vitamins","bark, entire plant, leaves, stems"
1659,"animal food (feed), environmental, food & beverage, material, medicinal, poison","agroforestry, blood system applications, cosmetics & perfumery, digestive system applications, mammals, minerals, protein, skin applications, timber wood, vitamins","bark, entire plant, fruits, leaves, seeds"
16595,"environmental, food & beverage","ornamental/turf, Unspecified","entire plant, leaves"
1661,"food additive, material, medicinal","condiment/seasoning, digestive system applications, endocrine system applications, essential oils, skin applications","entire plant, leaves"
1665,"animal food (feed), environmental, food & beverage","agroforestry, erosion control, minerals, ornamental/turf, protein, soil improvers, vitamins","entire plant, flowers, roots, seeds"
1666,"animal food (feed), environmental, food & beverage, food additive, material, medicinal, poison","condiment/seasoning, erosion control, fibres, mammals, minerals, ornamental/turf, protein, soil improvers, Unspecified, vitamins","bark, entire plant, leaves, seeds"
1668,"animal food (feed), food & beverage, medicinal","blood system applications, digestive system applications, genitourinary system applications, minerals, muscular/skeletal applications, nervous system applications, protein, skin applications, vitamins","entire plant, fruits, leaves, seeds"
16717,"environmental, medicinal","blood system applications, ornamental/turf, skin applications",entire plant
1673,"animal food (feed), environmental, food & beverage, food additive, fuels, material","agroforestry, erosion control, fibres, fuelwood, manure/fertilizer, minerals, revegetation, shade & shelter, sweetener, timber wood, vitamins","bark, entire plant, exudates, fruits, leaves, seeds, unspecified part"
1676,animal food (feed),"minerals, vitamins",entire plant
1686,food & beverage,"minerals, vitamins",fruits
1689,"environmental, food & beverage, food additive, material","agroforestry, condiment/seasoning, lipids/oil & fats, minerals, vitamins","entire plant, fruits, leaves, seeds"
1691,"environmental, fuels, material","dye/tannin, erosion control, fuelwood, gums/resins, paper, revegetation","bark, entire plant, exudates, leaves, stems"
16985,medicinal,"digestive system applications, immune system applications, metabolic system applications",flowers
1700,"fuels, material","fuelwood, gums/resins, timber wood","bark, exudates"
1701,material,timber wood,bark
17012,"environmental, food & beverage, medicinal","immune system applications, ornamental/turf, starch","bark, buds, entire plant, leaves"
1702,material,timber wood,bark
1703,"fuels, material","fuelwood, paper, timber wood",bark
1704,"fuels, material","fuelwood, timber wood",bark
1705,"environmental, fuels, material","erosion control, fuelwood, ornamental/turf, shade & shelter, timber wood, windbreak","bark, entire plant"
1708,"environmental, material","erosion control, mulch, ornamental/turf, revegetation, shade & shelter, timber wood","bark, entire plant, stems"
1710,"environmental, material, medicinal","gums/resins, ornamental/turf, Unspecified","entire plant, fruits, leaves, Unspecified"
1713,medicinal,"blood system applications, metabolic system applications, muscular/skeletal applications, nervous system applications, respiratory applications, sensory applications",roots
17131,"food & beverage, material, medicinal","digestive system applications, dye/tannin, genitourinary system applications, metabolic system applications, skin applications, vitamins",leaves
1714,"environmental, food additive, material, medicinal","agroforestry, condiment/seasoning, essential oils, metabolic system applications","entire plant, fruits"
17152,"food & beverage, medicinal","blood system applications, digestive system applications, muscular/skeletal applications, skin applications, vitamins","bark, roots"
17162,"fuels, material, medicinal","fuelwood, timber wood, Unspecified","bark, Unspecified"
1721,"animal food (feed), food & beverage, material, medicinal","cosmetics & perfumery, minerals, nutritional applications, protein, skin applications, vitamins","entire plant, leaves, seeds"
17278,"animal food (feed), environmental, food & beverage, medicinal","immune system applications, lipids, muscular/skeletal applications, ornamental/turf, protein, skin applications, starch, Unspecified","entire plant, fruits, seeds"
1732,medicinal,"blood system applications, immune system applications, respiratory applications, skin applications",leaves
1733,"animal food (feed), material, medicinal","blood system applications, cosmetics & perfumery, digestive system applications, immune system applications, respiratory applications, skin applications, vitamins","exudates, leaves, seeds"
17405,"environmental, material, medicinal","aromatics, blood system applications, cosmetics & perfumery, essential oils, muscular/skeletal applications, nervous system applications, ornamental/turf","entire plant, roots"
17435,"medicinal, social","muscular/skeletal applications, respiratory applications, sensory applications, skin applications, smoking material","flowers, leaves, seeds"
17507,"animal food (feed), environmental, food & beverage","minerals, protein, soil improvers, vitamins","entire plant, seeds"
1763,"environmental, food additive, material","agroforestry, condiment/seasoning, essential oils","entire plant, leaves, unspecified part"
17633,"animal food (feed), environmental, food & beverage, fuels, material, medicinal, non-vertebrate food, poison","agroforestry, charcoal, digestive system applications, dye/tannin, fish, fuelwood, living fence, minerals, respiratory applications, shade & shelter, skin applications, timber wood, vitamins","bark, entire plant, fruits, leaves, roots, seeds, stems"
17643,"animal food (feed), food & beverage",Unspecified,"entire plant, fruits"
17644,"environmental, food & beverage","agroforestry, lipids, minerals, vitamins","entire plant, fruits"
17645,"environmental, food & beverage, material, poison","agroforestry, lipids/oil & fats, mammals, minerals, vitamins","entire plant, fruits"
17646,"environmental, food & beverage, material, poison","agroforestry, lipids/oil & fats, mammals, minerals, vitamins","entire plant, fruits"
17647,animal food (feed),"minerals, vitamins",entire plant
17648,"environmental, fuels, material","charcoal, dye/tannin, fuelwood, honey, ornamental/turf, paper, revegetation, shade & shelter, timber wood, windbreak","bark, entire plant, flowers, stems"
17649,"fuels, material","fuelwood, timber wood",bark
17650,"animal food (feed), food & beverage","minerals, protein, vitamins","bark, leaves"
17651,"animal food (feed), environmental, food & beverage","manure/fertilizer, minerals, protein, vitamins","entire plant, fruits, seeds"
17652,"environmental, fuels, material","fuelwood, shade & shelter, timber wood","bark, entire plant"
17653,material,timber wood,bark
17654,material,timber wood,entire plant
17655,material,timber wood,bark
17656,food & beverage,"minerals, vitamins",entire plant
17657,"material, medicinal, poison","mammals, timber wood, Unspecified","bark, fruits"
17660,medicinal,digestive system applications,"leaves, roots"
17664,food & beverage,"starch, vitamins",roots
17796,"environmental, material","agroforestry, honey, living fence, manure/fertilizer, nitrogen fixation, ornamental/turf, paper, pioneer, revegetation, timber wood","bark, entire plant, flowers, leaves, roots"
17797,"animal food (feed), environmental, food & beverage, medicinal","erosion control, minerals, nervous system applications, nutritional applications, protein, skin applications, vitamins","bulbs, entire plant, leaves, seeds"
17807,"environmental, fuels, material","charcoal, dye/tannin, fuelwood, shade & shelter, soil improvers","bark, entire plant, Unspecified"
1781,"environmental, fuels, material, medicinal","dye/tannin, erosion control, fibres, fuelwood, honey, lipids/oil & fats, petroleum substitutes/alcohol, skin applications, timber wood","bark, flowers, roots, seeds, stems"
17836,"food & beverage, material, medicinal","cosmetics & perfumery, digestive system applications, dye/tannin, metabolic system applications, respiratory applications, skin applications, vitamins","entire plant, leaves, roots"
1784,"animal food (feed), environmental, food & beverage, food additive, medicinal","condiment/seasoning, digestive system applications, endocrine system applications, nutritional applications, ornamental/turf, vitamins","entire plant, leaves"
17895,"medicinal, poison","digestive system applications, mammals, muscular/skeletal applications","entire plant, roots"
1793,"animal food (feed), environmental, food & beverage, fuels, material, medicinal, poison","bacteria, digestive system applications, erosion control, fuelwood, gums/resins, honey, minerals, nitrogen fixation, ornamental/turf, protein, vitamins","bark, entire plant, exudates, flowers, fruits, leaves, roots, stems"
1796,"environmental, food & beverage","agroforestry, minerals, ornamental/turf, vitamins","entire plant, fruits"
1803,"environmental, food & beverage","living fence, minerals, ornamental/turf, vitamins","entire plant, fruits"
1804,"environmental, food & beverage, material, medicinal, poison","agroforestry, bacteria, blood system applications, digestive system applications, dye/tannin, essential oils, genitourinary system applications, honey, immune system applications, insects, minerals, ornamental/turf, pollution control, respiratory applications, skin applications, support, timber wood, vitamins","bark, entire plant, flowers, fruits, leaves, stems"
1807,"animal food (feed), environmental, food & beverage, material","agroforestry, cover crop, erosion control, lipids/oil & fats, manure/fertilizer, minerals, nitrogen fixation, protein, vitamins","bark, bulbs, entire plant, flowers, fruits, leaves, roots, seeds"
18072,medicinal,"blood system applications, digestive system applications, genitourinary system applications, immune system applications, muscular/skeletal applications",flowers
1817,"environmental, food & beverage, material, medicinal","dye/tannin, minerals, ornamental/turf, shade & shelter, timber wood, Unspecified, vitamins","bark, entire plant, flowers, leaves, stems"
18201,"animal food (feed), food & beverage",Unspecified,"bark, leaves"
18215,"animal food (feed), environmental, food & beverage, medicinal","ornamental/turf, Unspecified",entire plant
1822,"animal food (feed), environmental, food & beverage","cover crop, erosion control, manure/fertilizer, minerals, ornamental/turf, soil improvers, starch, vitamins","entire plant, leaves, roots"
1824,"animal food (feed), environmental, food & beverage, material","erosion control, fibres, minerals, protein, soil improvers, Unspecified, vitamins","entire plant, roots, Unspecified"
1829,"food & beverage, material, medicinal, poison","blood system applications, digestive system applications, dye/tannin, insects, mammals, minerals, muscular/skeletal applications, timber wood, vitamins","bark, flowers, fruits, leaves, roots, seeds, stems"
1832,"food & beverage, material","minerals, timber wood, vitamins","bark, fruits"
18325,"food & beverage, medicinal","blood system applications, digestive system applications, skin applications, vitamins","entire plant, leaves"
18352,"environmental, food additive, material, medicinal","blood system applications, condiment/seasoning, cosmetics & perfumery, digestive system applications, endocrine system applications, metabolic system applications, ornamental/turf, respiratory applications",entire plant
1839,food & beverage,"minerals, vitamins","leaves, roots, seedlings"
1848,"fuels, material, medicinal","charcoal, dye/tannin, fuelwood, timber wood, Unspecified","bark, stems"
18480,animal food (feed),"protein, vitamins",entire plant
1849,"environmental, fuels, material, medicinal","charcoal, dye/tannin, erosion control, fuelwood, timber wood, Unspecified","bark, entire plant, stems"
1851,fuels,"charcoal, fuelwood",bark
1866,"animal food (feed), environmental, fuels, material","dye/tannin, fibres, lipids/oil & fats, ornamental/turf, petroleum substitutes/alcohol, soil improvers, vitamins, waxes","bark, entire plant, leaves, seeds"
1877,"food & beverage, material, medicinal","blood system applications, cosmetics & perfumery, digestive system applications, essential oils, immune system applications, minerals, nutritional applications, vitamins","fruits, leaves, roots, seeds"
1881,"food & beverage, medicinal","minerals, Unspecified, vitamins","fruits, roots"
1883,food & beverage,"minerals, vitamins",flowers
1884,"animal food (feed), food & beverage, food additive, fuels, material","alcohol, condiment/seasoning, fibres, minerals, paper, petroleum substitutes/alcohol, sweetener","bark, flowers, stems"
1885,"animal food (feed), environmental, food & beverage, food additive, fuels, material","fibres, manure/fertilizer, minerals, non-wood fuel, paper, sweetener, vitamins, waxes","bark, entire plant, fruits, seeds"
1887,"animal food (feed), food & beverage, food additive, fuels, material","fibres, fuelwood, minerals, sweetener, vitamins, waxes","bark, entire plant, fruits, seeds"
1894,"animal food (feed), environmental, food & beverage, fuels, material","agroforestry, fuelwood, gums/resins, minerals, nitrogen fixation, ornamental/turf, protein, shade & shelter, timber wood, vitamins","bark, entire plant, fruits, leaves, roots, seeds, stems"
1929,"animal food (feed), environmental, food & beverage, material","cover crop, fibres, minerals, paper, protein, soil improvers, starch, vitamins","bark, entire plant, seeds"
1930,"animal food (feed), food & beverage, medicinal","blood system applications, digestive system applications, minerals, starch","bark, fruits, leaves, roots"
1937,"animal food (feed), food & beverage, fuels, material","charcoal, lipids/oil & fats, minerals, non-wood fuel, vitamins","bark, leaves, seeds"
1938,"animal food (feed), environmental, food & beverage, fuels, material, medicinal","agroforestry, dye/tannin, erosion control, fibres, fuelwood, gums/resins, living fence, manure/fertilizer, minerals, nitrogen fixation, ornamental/turf, paper, revegetation, shade & shelter, support, timber wood, Unspecified, vitamins, windbreak","bark, entire plant, exudates, flowers, fruits, leaves, roots, stems"
1947,"animal food (feed), environmental","erosion control, minerals, vitamins",entire plant
1948,"animal food (feed), environmental","erosion control, minerals, vitamins",entire plant
1961,"food & beverage, medicinal","minerals, Unspecified, vitamins","fruits, leaves"
1965,"food & beverage, medicinal","blood system applications, protein, skin applications, vitamins","fruits, leaves"
1966,"food & beverage, medicinal, poison","mammals, minerals, nervous system applications, skin applications, vitamins","entire plant, fruits, leaves"
1968,"environmental, food & beverage","minerals, ornamental/turf, vitamins","entire plant, fruits"
196860,"environmental, material","erosion control, ornamental/turf, shade & shelter, timber wood","bark, entire plant"
1970,"food & beverage, medicinal","minerals, Unspecified, vitamins","fruits, roots"
1971,"animal food (feed), food & beverage, fuels, medicinal, poison","alcohol, immune system applications, mammals, minerals, muscular/skeletal applications, petroleum substitutes/alcohol, skin applications, starch, vitamins","fruits, leaves, roots"
197462,animal food (feed),"protein, vitamins",entire plant
197464,"animal food (feed), environmental","manure/fertilizer, minerals, vitamins",entire plant
197471,"animal food (feed), environmental","cover crop, manure/fertilizer, nitrogen fixation, pioneer, protein, vitamins",entire plant
197703,"environmental, food & beverage","minerals, ornamental/turf, protein, vitamins","entire plant, fruits, seeds"
1978,"food & beverage, food additive, fuels, material, medicinal","dye/tannin, fuelwood, minerals, starch, timber wood, Unspecified, vitamins","bark, fruits, leaves, stems"
197937,"animal food (feed), environmental, fuels, material, medicinal","fuelwood, honey, living fence, minerals, ornamental/turf, shade & shelter, timber wood, Unspecified, vitamins","bark, entire plant, flowers, leaves"
198033,"food & beverage, food additive","condiment/seasoning, vitamins",fruits
1982,"animal food (feed), food & beverage, food additive, fuels, material","alcohol, canes, dye/tannin, fibres, minerals, petroleum substitutes/alcohol, starch, sweetener","bark, leaves, seeds"
1983,animal food (feed),"minerals, vitamins",entire plant
198891,"environmental, medicinal","blood system applications, digestive system applications, genitourinary system applications, metabolic system applications, muscular/skeletal applications, ornamental/turf, sensory applications, skin applications","entire plant, flowers, leaves, roots, seeds"
1990,animal food (feed),"minerals, vitamins",entire plant
1991,"animal food (feed), environmental, food & beverage, medicinal, poison","agroforestry, digestive system applications, immune system applications, living fence, mammals, minerals, ornamental/turf, pioneer, revegetation, shade & shelter, vitamins","entire plant, fruits, leaves, seeds, stems"
1997,food & beverage,"minerals, vitamins",leaves
199708,"environmental, material, medicinal, poison","fibres, latex/rubber, mammals, ornamental/turf, pollution control, skin applications","bark, entire plant, leaves, sap, seeds, stems"
199890,"environmental, medicinal","genitourinary system applications, metabolic system applications, nervous system applications, ornamental/turf","entire plant, roots"
2000,"animal food (feed), food & beverage, medicinal","blood system applications, digestive system applications, minerals, skin applications, vitamins","fruits, leaves, stems"
200000,animal food (feed),"protein, vitamins",entire plant
2002,"animal food (feed), environmental, food & beverage, food additive, fuels, material, medicinal","blood system applications, digestive system applications, dye/tannin, fuelwood, genitourinary system applications, gums/resins, honey, immune system applications, living fence, minerals, respiratory applications, shade & shelter, skin applications, timber wood, Unspecified, vitamins","bark, entire plant, exudates, flowers, fruits, leaves, roots, stems"
2012,"animal food (feed), environmental","erosion control, minerals, ornamental/turf, pioneer, vitamins",entire plant
2018,"animal food (feed), environmental","agroforestry, erosion control, minerals, nitrogen fixation, revegetation, vitamins",entire plant
2020,animal food (feed),minerals,entire plant
2022,"environmental, material","agroforestry, dye/tannin, erosion control, lipids/oil & fats, ornamental/turf, revegetation, shade & shelter, timber wood","bark, entire plant, seeds, stems"
2023,"environmental, fuels, material, medicinal","blood system applications, charcoal, digestive system applications, fuelwood, nutritional applications, ornamental/turf, shade & shelter, timber wood","bark, entire plant, stems"
202719,"environmental, food & beverage","erosion control, manure/fertilizer, protein, vitamins","entire plant, seeds"
2041,"environmental, material","ornamental/turf, shade & shelter, timber wood","bark, entire plant"
2047,"animal food (feed), environmental, food & beverage, fuels, material, medicinal, poison","blood system applications, charcoal, digestive system applications, dye/tannin, fuelwood, gums/resins, insects, lipids/oil & fats, minerals, ornamental/turf, protein, shade & shelter, skin applications, starch, timber wood, vitamins","bark, entire plant, exudates, fruits, leaves, seeds, stems"
2052,"environmental, fuels, medicinal","charcoal, digestive system applications, fuelwood, genitourinary system applications, living fence, ornamental/turf, shade & shelter","bark, entire plant, leaves, roots"
2054,"environmental, fuels, material, medicinal","agroforestry, charcoal, dye/tannin, fuelwood, ornamental/turf, revegetation, timber wood, Unspecified","bark, entire plant, leaves, seeds, stems"
2056,"animal food (feed), environmental, fuels, poison","agroforestry, cover crop, erosion control, fish, fuelwood, insects, mammals, manure/fertilizer, minerals, ornamental/turf, protein, revegetation, shade & shelter, vitamins","bark, entire plant, leaves, roots, stems"
205644,"food & beverage, food additive, material, medicinal","condiment/seasoning, essential oils, minerals, Unspecified, vitamins",fruits
2059,"environmental, medicinal, poison","cover crop, digestive system applications, fish, insects, living fence, mammals, manure/fertilizer, molluscs, nitrogen fixation, ornamental/turf, shade & shelter, skin applications","entire plant, leaves, roots"
2060,"environmental, material","paper, pioneer, revegetation, timber wood","bark, entire plant"
2061,material,timber wood,bark
2062,"environmental, food & beverage, fuels, material, non-vertebrate food","agroforestry, dye/tannin, erosion control, fuelwood, lipids/oil & fats, minerals, ornamental/turf, pioneer, shade & shelter, timber wood, vitamins","bark, entire plant, fruits, leaves, roots, seeds, stems"
2067,"environmental, material","paper, shade & shelter, timber wood","bark, entire plant"
2071,"animal food (feed), environmental","erosion control, minerals, vitamins",entire plant
2073,animal food (feed),"minerals, vitamins",entire plant
2074,"animal food (feed), environmental, food & beverage, fuels, material, medicinal","cosmetics & perfumery, lipids, lipids/oil & fats, metabolic system applications, minerals, nervous system applications, non-wood fuel, nutritional applications, protein, respiratory applications, skin applications, soil improvers, vitamins","fruits, seeds"
2075,"animal food (feed), environmental, food & beverage, material, medicinal","blood system applications, digestive system applications, dye/tannin, erosion control, fibres, genitourinary system applications, immune system applications, manure/fertilizer, minerals, muscular/skeletal applications, nervous system applications, ornamental/turf, protein, sensory applications, skin applications, vitamins","bark, entire plant, fruits, leaves, stems, unspecified part"
2078,"environmental, medicinal, poison","digestive system applications, insects, ornamental/turf, skin applications","entire plant, leaves"
2087,"medicinal, poison","genitourinary system applications, mammals, nervous system applications","entire plant, roots, stems"
2090,material,timber wood,bark
209331,animal food (feed),"protein, vitamins",entire plant
209333,animal food (feed),"protein, vitamins",entire plant
2095,"environmental, food & beverage, fuels, material","agroforestry, charcoal, erosion control, fibres, fuelwood, living fence, minerals, ornamental/turf, paper, pioneer, shade & shelter, vitamins","bark, entire plant, fruits, stems"
2099,"food & beverage, material, medicinal","essential oils, immune system applications, minerals","exudates, leaves"
2100,"food & beverage, medicinal","minerals, Unspecified, vitamins","bulbs, fruits, leaves"
2104,"animal food (feed), environmental, food additive, material, medicinal","condiment/seasoning, dye/tannin, erosion control, genitourinary system applications, minerals, muscular/skeletal applications, protein, respiratory applications, vitamins","entire plant, flowers"
2105,"animal food (feed), environmental","erosion control, minerals, soil improvers, vitamins","entire plant, roots"
2107,"animal food (feed), environmental","cover crop, minerals, vitamins",entire plant
2108,"animal food (feed), environmental, material","erosion control, honey, protein, vitamins","entire plant, flowers"
2114,"animal food (feed), food & beverage, fuels, material, medicinal","digestive system applications, genitourinary system applications, gums/resins, immune system applications, minerals, nervous system applications, non-wood fuel, paper, protein, skin applications, starch, vitamins","leaves, seeds"
2119,"environmental, food additive, material, medicinal","condiment/seasoning, digestive system applications, lipids/oil & fats, ornamental/turf, respiratory applications","entire plant, fruits, leaves, seeds"
2120,food & beverage,"protein, starch, vitamins","leaves, roots"
2125,material,fibres,"bark, stems"
2131,"environmental, food additive, material, medicinal","agroforestry, condiment/seasoning, cosmetics & perfumery, digestive system applications, endocrine system applications, essential oils, metabolic system applications","entire plant, fruits"
2144,"animal food (feed), environmental, material","cosmetics & perfumery, erosion control, essential oils, living fence, minerals, pollution control, soil improvers, vitamins","entire plant, leaves, roots"
2146,"animal food (feed), environmental, food & beverage, medicinal","digestive system applications, minerals, protein, soil improvers, vitamins","entire plant, fruits, leaves, seeds"
2147,"animal food (feed), environmental, food & beverage, material, medicinal","cosmetics & perfumery, erosion control, manure/fertilizer, minerals, protein, Unspecified, vitamins","entire plant, seeds"
2149,"animal food (feed), environmental, food & beverage, medicinal","cover crop, manure/fertilizer, minerals, protein, Unspecified, vitamins","entire plant, fruits, seeds"
2150,"animal food (feed), environmental, food & beverage","cover crop, manure/fertilizer, minerals, soil improvers, starch, vitamins","entire plant, fruits, seeds"
2152,"animal food (feed), environmental, food & beverage","cover crop, erosion control, living fence, manure/fertilizer, minerals, nitrogen fixation, protein, revegetation, soil improvers, vitamins","entire plant, fruits, leaves, roots, seeds"
2153,"animal food (feed), environmental, food & beverage","manure/fertilizer, minerals, nitrogen fixation, protein, soil improvers, vitamins","entire plant, fruits, leaves, seedlings, seeds"
2160,"animal food (feed), food & beverage, fuels, material, medicinal","alcohol, blood system applications, dye/tannin, immune system applications, lipids/oil & fats, minerals, petroleum substitutes/alcohol, vitamins","fruits, leaves, seeds"
2168,food & beverage,"starch, Unspecified","leaves, roots"
2175,"animal food (feed), food & beverage, fuels, material, medicinal","alcohol, lipids, lipids/oil & fats, minerals, petroleum substitutes/alcohol, protein, skin applications, starch, vitamins","entire plant, fruits, seeds"
2177,"food additive, material, medicinal","condiment/seasoning, cosmetics & perfumery, digestive system applications, essential oils, genitourinary system applications, metabolic system applications, nervous system applications, skin applications",roots
218100,"environmental, fuels, material, medicinal","fuelwood, immune system applications, ornamental/turf, shade & shelter, skin applications, timber wood","bark, entire plant, seeds, stems"
2187,"animal food (feed), environmental, food & beverage, food additive, medicinal","colorant, digestive system applications, minerals, nutritional applications, ornamental/turf, protein, vitamins","entire plant, flowers, leaves, seeds"
2188,food & beverage,"minerals, vitamins",leaves
2189,food & beverage,"minerals, vitamins",leaves
2190,"environmental, food & beverage","minerals, ornamental/turf, vitamins","entire plant, leaves"
2192,"food & beverage, food additive, material, medicinal","condiment/seasoning, digestive system applications, essential oils, immune system applications, muscular/skeletal applications, vitamins","entire plant, seeds"
2194,"food & beverage, medicinal, poison","digestive system applications, insects, mammals, minerals, respiratory applications, skin applications, vitamins","fruits, seeds"
2196,food & beverage,"minerals, vitamins",fruits
2197,"food & beverage, medicinal, poison","digestive system applications, insects, mammals, minerals, vitamins","fruits, seeds, stems"
2198,"environmental, food & beverage, material, medicinal, poison","mammals, minerals, ornamental/turf, paper, revegetation, Unspecified, vitamins","bark, entire plant, fruits, leaves"
2199,"animal food (feed), environmental, food & beverage, fuels, material, medicinal","agroforestry, blood system applications, lipids/oil & fats, minerals, petroleum substitutes/alcohol, protein, vitamins","entire plant, leaves, seeds"
220867,"food & beverage, material, medicinal","dye/tannin, fibres, immune system applications, lipids/oil & fats, skin applications, Unspecified","bark, entire plant, flowers, leaves, sap, seeds"
2214,"food & beverage, material, medicinal, poison","cosmetics & perfumery, digestive system applications, immune system applications, mammals, minerals, protein, sensory applications, timber wood, vitamins","bark, fruits, leaves, seeds, stems"
2220,food & beverage,"minerals, vitamins","bark, leaves"
2227,"animal food (feed), environmental, food & beverage","cover crop, manure/fertilizer, minerals, protein, vitamins","entire plant, fruits, seeds"
2228,"animal food (feed), environmental, food & beverage, material","living fence, minerals, other material/chemicals, protein, starch, vitamins, windbreak","bulbs, entire plant, leaves, roots"
2231,"environmental, food & beverage, fuels, material","dye/tannin, fuelwood, lipids, lipids/oil & fats, minerals, non-wood fuel, soil improvers, vitamins","bark, fruits, seeds"
2234,"environmental, food & beverage, food additive, material, medicinal, social","blood system applications, condiment/seasoning, cosmetics & perfumery, dye/tannin, erosion control, minerals, ornamental/turf, respiratory applications, smoking material, starch, timber wood","bark, entire plant, flowers, fruits, leaves, stems"
2235,material,timber wood,bark
2242,"food & beverage, food additive, material, medicinal","condiment/seasoning, digestive system applications, essential oils, genitourinary system applications, immune system applications, minerals, nervous system applications, nutritional applications, respiratory applications, skin applications, vitamins","fruits, leaves, roots, stems"
2246,"food & beverage, material, medicinal","blood system applications, cosmetics & perfumery, digestive system applications, dye/tannin, immune system applications, lipids, lipids/oil & fats, metabolic system applications, minerals, nutritional applications, protein, timber wood, vitamins","bark, fruits, leaves, stems"
225371,"environmental, food & beverage, poison","mammals, ornamental/turf, Unspecified","buds, entire plant"
2263,"food & beverage, material, medicinal, poison","blood system applications, fish, immune system applications, minerals, skin applications, timber wood, vitamins","bark, fruits, leaves, stems"
227247,"fuels, material","fuelwood, paper, timber wood",bark
2282,"food & beverage, material, medicinal","minerals, starch, timber wood, Unspecified, vitamins","bark, fruits, leaves, roots, stems"
2285,"animal food (feed), environmental, food & beverage, medicinal","minerals, protein, soil improvers, Unspecified, vitamins","entire plant, flowers, leaves, seeds"
2296,"animal food (feed), environmental, food & beverage, fuels, material, medicinal","blood system applications, charcoal, digestive system applications, dye/tannin, fuelwood, genitourinary system applications, living fence, minerals, nervous system applications, ornamental/turf, respiratory applications, sensory applications, vitamins","bark, entire plant, fruits, leaves, roots, stems"
2300,"environmental, food & beverage, medicinal","living fence, minerals, nutritional applications, ornamental/turf, vitamins","entire plant, fruits"
2301,"environmental, food & beverage, material, medicinal","agroforestry, blood system applications, cosmetics & perfumery, digestive system applications, dye/tannin, lipids/oil & fats, minerals, ornamental/turf, protein, skin applications, vitamins","entire plant, fruits, leaves, seeds"
2302,"food & beverage, material, medicinal, non-vertebrate food","dye/tannin, minerals, skin applications, vitamins","fruits, seeds, stems"
230348,"environmental, medicinal","immune system applications, nervous system applications, ornamental/turf, sensory applications","buds, entire plant"
2307,"food & beverage, fuels, material","fibres, minerals, petroleum substitutes/alcohol, vitamins","bark, exudates, flowers, fruits, leaves"
2315,"animal food (feed), environmental, food & beverage, material, medicinal, poison","blood system applications, digestive system applications, dye/tannin, endocrine system applications, fish, genitourinary system applications, lipids/oil & fats, minerals, nutritional applications, ornamental/turf, protein, sensory applications, skin applications, timber wood, vitamins","bark, entire plant, fruits, leaves, stems"
2318,"food & beverage, material, medicinal, poison, social","amphibians, blood system applications, digestive system applications, immune system applications, minerals, smoking material, timber wood, vitamins","bark, fruits, leaves, seeds, stems"
232965,"environmental, fuels, material","charcoal, fuelwood, honey, living fence, mulch, ornamental/turf, shade & shelter, timber wood","bark, entire plant, flowers, leaves"
2334,"environmental, food & beverage, material","agroforestry, gums/resins, minerals, timber wood, vitamins","bark, entire plant, exudates, fruits"
2335,"animal food (feed), environmental, food & beverage, material, medicinal","agroforestry, minerals, other material/chemicals, skin applications, starch, Unspecified, vitamins","entire plant, roots"
2340,"food & beverage, material, medicinal","digestive system applications, essential oils, immune system applications, minerals, nervous system applications","exudates, leaves"
2347,"animal food (feed), environmental, food & beverage, medicinal","minerals, ornamental/turf, starch, Unspecified, vitamins","bark, buds, entire plant, leaves, Unspecified"
2348,"animal food (feed), environmental, food & beverage, fuels, material, medicinal","blood system applications, cosmetics & perfumery, digestive system applications, dye/tannin, fibres, fuelwood, genitourinary system applications, immune system applications, lipids, lipids/oil & fats, minerals, nutritional applications, petroleum substitutes/alcohol, pollution control, shade & shelter, skin applications, timber wood, vitamins, windbreak","bark, bulbs, entire plant, exudates, flowers, fruits, leaves, roots, seeds, stems, Unspecified"
2349,"animal food (feed), environmental, food & beverage, material, medicinal, non-vertebrate food","blood system applications, digestive system applications, dye/tannin, living fence, minerals, ornamental/turf, paper, sensory applications, shade & shelter, timber wood, vitamins, windbreak","bark, entire plant, fruits, leaves, stems"
2350,"animal food (feed), environmental, food & beverage, material, medicinal","minerals, nervous system applications, other material/chemicals, protein, soil improvers","entire plant, leaves, seeds"
2357,food & beverage,"minerals, vitamins",bulbs
235883,material,timber wood,bark
2359,"environmental, food & beverage, material, medicinal, social","fibres, gums/resins, ornamental/turf, religious use, starch, Unspecified, vitamins","bark, buds, entire plant, leaves, seeds, Unspecified"
2360,"food & beverage, fuels, material","lipids/oil & fats, minerals, non-wood fuel, starch, timber wood, vitamins","bark, fruits, seeds"
236039,"food & beverage, material, medicinal","dye/tannin, lipids/oil & fats, minerals, Unspecified, vitamins","fruits, seeds"
2363,"environmental, food & beverage, material, medicinal","agroforestry, essential oils, minerals, Unspecified, vitamins","entire plant, leaves, seeds"
2364,"animal food (feed), food & beverage, food additive, medicinal","condiment/seasoning, minerals, Unspecified, vitamins","bark, entire plant, leaves, seeds"
2368,"material, medicinal","aromatics, digestive system applications, essential oils, muscular/skeletal applications, nervous system applications, respiratory applications",entire plant
2369,"environmental, food additive, material, medicinal","blood system applications, condiment/seasoning, digestive system applications, dye/tannin, essential oils, immune system applications, muscular/skeletal applications, nervous system applications, ornamental/turf, respiratory applications","entire plant, flowers, leaves"
2371,food & beverage,"starch, vitamins",roots
2380,"environmental, food & beverage, fuels, material","fuelwood, minerals, revegetation, timber wood, vitamins","bark, entire plant, fruits"
238002,"animal food (feed), environmental, food & beverage","cover crop, erosion control, manure/fertilizer, minerals, protein, vitamins","entire plant, seeds"
238003,"animal food (feed), environmental, poison","cover crop, erosion control, mammals, minerals, vitamins","entire plant, seeds"
238008,animal food (feed),"minerals, vitamins",entire plant
238009,"animal food (feed), environmental, poison","cover crop, mammals, minerals, soil improvers, vitamins","entire plant, seeds"
2381,food & beverage,"minerals, protein, vitamins","fruits, seeds"
2386,"food & beverage, material, medicinal","dye/tannin, gums/resins, lipids, lipids/oil & fats, minerals, Unspecified, vitamins","fruits, galls, seeds, stems"
238663,"animal food (feed), environmental, food & beverage, material","agroforestry, lipids/oil & fats, minerals, starch, Unspecified, vitamins","entire plant, fruits, seeds"
238780,medicinal,"genitourinary system applications, immune system applications, sensory applications","entire plant, roots"
2390,"food & beverage, food additive","condiment/seasoning, minerals, vitamins",leaves
2394,food & beverage,"minerals, vitamins",fruits
2397,"animal food (feed), food & beverage, fuels, material, medicinal","charcoal, cosmetics & perfumery, digestive system applications, fuelwood, nutritional applications, protein, respiratory applications, skin applications, vitamins","bark, seeds"
2398,"animal food (feed), environmental, food & beverage, material","lipids, lipids/oil & fats, minerals, ornamental/turf, vitamins","entire plant, fruits, leaves, seeds"
2411,food additive,condiment/seasoning,leaves
2412,"material, medicinal","blood system applications, cosmetics & perfumery, endocrine system applications, essential oils, immune system applications, metabolic system applications, skin applications","flowers, leaves"
2413,"food & beverage, food additive, material, medicinal, poison","condiment/seasoning, digestive system applications, insects, metabolic system applications, nutritional applications, timber wood, vitamins","bark, flowers, fruits, leaves, stems"
2428,"animal food (feed), food & beverage, material, medicinal","digestive system applications, lipids, lipids/oil & fats, minerals, protein, timber wood, Unspecified, vitamins","bark, leaves, seeds, stems"
2433,"animal food (feed), environmental, food & beverage, medicinal","immune system applications, living fence, minerals, ornamental/turf, skin applications, vitamins","bulbs, entire plant, leaves"
243766,"animal food (feed), environmental, food & beverage, material, medicinal","dye/tannin, honey, immune system applications, living fence, minerals, respiratory applications, timber wood, vitamins","bark, entire plant, flowers, fruits, leaves, stems"
2441,"environmental, food additive, material, medicinal","aromatics, condiment/seasoning, cosmetics & perfumery, essential oils, immune system applications, ornamental/turf, respiratory applications",entire plant
2442,food & beverage,"minerals, vitamins",roots
2447,"animal food (feed), food & beverage","protein, starch",roots
2452,"environmental, food & beverage, fuels, material, medicinal","charcoal, dental applications, digestive system applications, dye/tannin, fuelwood, genitourinary system applications, lipids, lipids/oil & fats, living fence, minerals, ornamental/turf, sensory applications, skin applications, vitamins","bark, entire plant, fruits, leaves, roots, seeds"
2454,"food & beverage, medicinal, poison","digestive system applications, mammals, minerals, Unspecified, vitamins","buds, fruits, leaves, seeds, Unspecified"
2462,"environmental, food additive, material, medicinal","agroforestry, condiment/seasoning, cosmetics & perfumery, digestive system applications, essential oils, immune system applications, nervous system applications, sensory applications","entire plant, flowers"
2465,"food & beverage, food additive, poison","condiment/seasoning, insects, minerals, molluscs, vitamins","fruits, seeds"
2467,"food & beverage, food additive, poison","birds, fish, mammals, minerals, preservative, vitamins","fruits, leaves, seeds, stems"
2474,"food & beverage, medicinal","minerals, Unspecified, vitamins",leaves
2475,"environmental, food & beverage, material, medicinal","agroforestry, fibres, lipids/oil & fats, minerals, Unspecified, vitamins","bark, entire plant, fruits, Unspecified"
2479,"animal food (feed), food & beverage, medicinal","minerals, protein, Unspecified, vitamins","entire plant, fruits, seedlings, seeds"
2483,"animal food (feed), food & beverage, medicinal","blood system applications, digestive system applications, immune system applications, minerals, nutritional applications, sensory applications, skin applications, starch, vitamins","entire plant, exudates, flowers, fruits, leaves, roots"
2486,food & beverage,"minerals, starch, vitamins","bark, leaves"
248814,"environmental, fuels, material, medicinal","charcoal, erosion control, fuelwood, honey, mulch, ornamental/turf, shade & shelter, timber wood, Unspecified","bark, entire plant, flowers, leaves"
248815,"animal food (feed), food additive, fuels, material, medicinal","condiment/seasoning, dental applications, fuelwood, minerals, timber wood, Unspecified, vitamins","bark, bulbs, fruits, leaves, stems"
248816,"environmental, material","ornamental/turf, timber wood","bark, entire plant"
248817,"environmental, material, medicinal","ornamental/turf, timber wood, Unspecified","bark, entire plant, leaves"
248818,material,timber wood,bark
248819,material,"paper, timber wood",bark
248820,"environmental, fuels, material","fuelwood, honey, living fence, ornamental/turf, shade & shelter, windbreak","bark, entire plant, flowers"
2494,material,gums/resins,Unspecified
2499,"environmental, food & beverage, food additive, fuels, material","charcoal, condiment/seasoning, dye/tannin, erosion control, fuelwood, minerals, timber wood, vitamins","bark, entire plant, fruits, leaves, stems"
2501,"food & beverage, fuels, material","fuelwood, minerals, timber wood, vitamins","bark, seeds"
2507,"animal food (feed), environmental, food & beverage, medicinal","agroforestry, minerals, muscular/skeletal applications, nutritional applications, Unspecified, vitamins","entire plant, fruits, leaves"
2508,"animal food (feed), environmental, food & beverage, material","agroforestry, manure/fertilizer, minerals, mulch, paper","entire plant, fruits, stems"
2509,"animal food (feed), food & beverage, medicinal, poison","blood system applications, immune system applications, insects, minerals, protein, sensory applications, skin applications, vitamins","entire plant, fruits, leaves, seeds"
2514,"animal food (feed), food & beverage, food additive, material, medicinal","blood system applications, colorant, digestive system applications, dye/tannin, genitourinary system applications, lipids/oil & fats, minerals, protein, vitamins","flowers, leaves, seeds"
2516,"animal food (feed), environmental, food & beverage","erosion control, minerals, protein, vitamins","entire plant, seeds"
2519,"animal food (feed), environmental, material, poison","cover crop, honey, mammals, manure/fertilizer, minerals, nitrogen fixation, protein, soil improvers, vitamins","entire plant, flowers, roots"
2524,"animal food (feed), environmental, food & beverage, material","erosion control, minerals, other material/chemicals, protein, vitamins","entire plant, fruits, seeds"
2525,"animal food (feed), environmental, food & beverage","agroforestry, erosion control, minerals, protein, soil improvers","entire plant, seeds"
2526,"animal food (feed), environmental, material, medicinal","cover crop, dye/tannin, erosion control, minerals, soil improvers, Unspecified, vitamins","entire plant, leaves, Unspecified"
2528,food & beverage,"minerals, vitamins",fruits
2541,"animal food (feed), environmental","erosion control, minerals, vitamins",entire plant
2542,"environmental, fuels, material, poison","charcoal, dicot., erosion control, fuelwood, insects, latex/rubber, lipids/oil & fats, monocot, ornamental/turf, paper, shade & shelter, timber wood, windbreak","bark, entire plant, stems"
2543,"environmental, fuels, material","erosion control, fuelwood, shade & shelter, timber wood","bark, entire plant"
2545,"environmental, fuels, material","erosion control, fuelwood, ornamental/turf, shade & shelter, timber wood","bark, entire plant"
2550,"material, medicinal","blood system applications, cosmetics & perfumery, dye/tannin, essential oils, gums/resins, immune system applications, respiratory applications, skin applications, timber wood","bark, exudates, leaves, stems"
2551,material,"gums/resins, paper, timber wood","bark, stems"
2553,"environmental, fuels, material","erosion control, fuelwood, ornamental/turf, timber wood","bark, entire plant"
2558,material,timber wood,bark
2561,"environmental, material","fibres, revegetation","bark, entire plant"
2570,"environmental, material","shade & shelter, timber wood","bark, entire plant"
2575,"environmental, fuels, material","charcoal, erosion control, fuelwood, ornamental/turf, shade & shelter, timber wood, windbreak","bark, entire plant"
2576,"animal food (feed), environmental, fuels, material","fuelwood, minerals, revegetation, timber wood, vitamins, windbreak","bark, entire plant, leaves"
2578,"animal food (feed), environmental, fuels","erosion control, fuelwood, minerals, nitrogen fixation, shade & shelter, vitamins","bark, entire plant, leaves, roots"
2579,"environmental, food & beverage, fuels, material","charcoal, erosion control, fuelwood, minerals, nitrogen fixation, ornamental/turf, protein, shade & shelter, timber wood, vitamins","bark, entire plant, roots, seeds"
2580,"food & beverage, fuels","fuelwood, minerals","bark, seeds"
2581,"animal food (feed), environmental, fuels, material","charcoal, erosion control, fuelwood, minerals, shade & shelter, timber wood, vitamins","bark, entire plant, leaves"
2582,"animal food (feed), environmental, material, medicinal","fibres, genitourinary system applications, living fence, minerals, respiratory applications, sensory applications, skin applications, timber wood, vitamins","bark, entire plant, leaves, stems"
2583,"environmental, fuels, material","fuelwood, ornamental/turf, shade & shelter, timber wood","bark, entire plant"
2586,"animal food (feed), environmental, fuels, material","fuelwood, minerals, shade & shelter, timber wood, vitamins","bark, entire plant, leaves"
2588,"animal food (feed), environmental, food & beverage, fuels","agroforestry, fuelwood, minerals, nitrogen fixation, protein, vitamins","bark, entire plant, leaves, roots, seeds"
2589,"environmental, fuels","fuelwood, shade & shelter","bark, entire plant"
2590,"animal food (feed), environmental, fuels","fuelwood, minerals, nitrogen fixation, shade & shelter, vitamins","bark, entire plant, leaves, roots"
2591,"environmental, fuels","fuelwood, shade & shelter, windbreak","bark, entire plant"
2592,"environmental, fuels","agroforestry, charcoal, fuelwood, nitrogen fixation, shade & shelter","bark, entire plant, roots"
2593,"animal food (feed), fuels, material, medicinal, non-vertebrate food","charcoal, dye/tannin, fuelwood, minerals, timber wood, Unspecified, vitamins","bark, exudates, leaves, seeds, stems"
2595,"fuels, material","fuelwood, timber wood",bark
2599,"environmental, food & beverage, fuels, non-vertebrate food","charcoal, erosion control, fuelwood, minerals, ornamental/turf, shade & shelter, vitamins","bark, entire plant, seeds"
2600,"environmental, food & beverage, fuels","charcoal, fuelwood, minerals, protein, shade & shelter, vitamins","bark, entire plant, seeds"
2601,"environmental, fuels, material","erosion control, fuelwood, nitrogen fixation, revegetation, shade & shelter, timber wood","bark, entire plant, roots"
2604,"animal food (feed), environmental, fuels","agroforestry, erosion control, fuelwood, minerals, nitrogen fixation, shade & shelter, vitamins","bark, entire plant, leaves"
2605,material,paper,bark
2608,fuels,fuelwood,bark
2609,"environmental, fuels","erosion control, fuelwood, shade & shelter","bark, entire plant"
2614,"animal food (feed), environmental, fuels","charcoal, fuelwood, manure/fertilizer, minerals, shade & shelter, vitamins","bark, entire plant, leaves"
2617,"environmental, fuels, material","charcoal, dye/tannin, erosion control, fuelwood, nitrogen fixation, shade & shelter, timber wood","bark, entire plant, roots, stems"
2618,"environmental, fuels, material","fuelwood, ornamental/turf, shade & shelter, timber wood","bark, entire plant"
2619,"animal food (feed), environmental, fuels, material","dye/tannin, erosion control, fuelwood, minerals, nitrogen fixation, vitamins","bark, entire plant, leaves, roots, stems"
2623,environmental,shade & shelter,entire plant
2624,"environmental, fuels, material","dye/tannin, fuelwood, ornamental/turf, shade & shelter","bark, entire plant, stems"
2627,"animal food (feed), environmental, fuels, material","charcoal, fuelwood, minerals, nitrogen fixation, ornamental/turf, shade & shelter, timber wood, vitamins","bark, entire plant, leaves, roots"
2633,"environmental, fuels, material","dye/tannin, erosion control, fuelwood, ornamental/turf, shade & shelter","bark, entire plant, stems"
2635,environmental,shade & shelter,entire plant
2636,"environmental, fuels","fuelwood, shade & shelter","bark, entire plant"
2637,"environmental, fuels, material","charcoal, fuelwood, ornamental/turf, shade & shelter, timber wood","bark, entire plant"
2638,"environmental, fuels","charcoal, fuelwood, ornamental/turf, shade & shelter","bark, entire plant"
2639,"animal food (feed), environmental, fuels, material, medicinal","digestive system applications, dye/tannin, erosion control, fuelwood, genitourinary system applications, nitrogen fixation, sensory applications, shade & shelter, timber wood, Unspecified","bark, entire plant, flowers, fruits, leaves, roots, stems"
2642,"animal food (feed), fuels, material","charcoal, fuelwood, gums/resins, minerals, vitamins","bark, exudates, leaves"
2643,"environmental, fuels","fuelwood, nitrogen fixation, shade & shelter, windbreak","bark, entire plant"
2645,"environmental, fuels, material","erosion control, fuelwood, ornamental/turf, shade & shelter, timber wood","bark, entire plant"
2646,"animal food (feed), environmental, food & beverage, fuels, material, medicinal","agroforestry, charcoal, dye/tannin, fibres, firebreaks, fuelwood, manure/fertilizer, minerals, protein, timber wood, Unspecified, vitamins","bark, entire plant, fruits, leaves, roots, seeds, stems"
2647,"animal food (feed), environmental","erosion control, minerals, shade & shelter, vitamins, windbreak","entire plant, leaves"
2651,"environmental, food & beverage, fuels","fuelwood, minerals, shade & shelter","bark, entire plant, seeds"
2652,fuels,fuelwood,bark
2656,"environmental, fuels, material","dye/tannin, fuelwood, shade & shelter","bark, entire plant, Unspecified"
2658,"animal food (feed), environmental, fuels, material","agroforestry, fuelwood, minerals, nitrogen fixation, pioneer, shade & shelter, timber wood, vitamins, windbreak","bark, entire plant, leaves, roots"
2660,"environmental, fuels, material","agroforestry, charcoal, dye/tannin, erosion control, firebreaks, fuelwood, ornamental/turf, paper, shade & shelter, soil improvers, timber wood","bark, entire plant, stems"
2661,"environmental, material","gums/resins, honey, nitrogen fixation, shade & shelter, timber wood","bark, entire plant, exudates, flowers, roots"
2662,"animal food (feed), environmental, fuels, material","charcoal, fibres, fuelwood, living fence, minerals, vitamins","bark, entire plant, leaves, stems"
2663,"animal food (feed), environmental, fuels","fuelwood, minerals, nitrogen fixation, ornamental/turf, shade & shelter, vitamins","entire plant, leaves, roots, stems"
2664,"environmental, food & beverage, fuels, material","fuelwood, minerals, nitrogen fixation, ornamental/turf, shade & shelter, timber wood","bark, entire plant, roots, seeds"
2665,"animal food (feed), environmental, fuels, material","dye/tannin, fuelwood, minerals, nitrogen fixation, ornamental/turf, vitamins, windbreak","bark, entire plant, leaves, roots, stems"
2667,"animal food (feed), environmental, fuels, material, medicinal, non-vertebrate food","agroforestry, charcoal, dye/tannin, firebreaks, fuelwood, gums/resins, living fence, nervous system applications, ornamental/turf, protein, revegetation, shade & shelter, timber wood, windbreak","bark, entire plant, exudates, fruits, leaves, stems"
2674,"environmental, fuels, material","fuelwood, ornamental/turf, shade & shelter, timber wood","bark, entire plant"
2676,fuels,fuelwood,bark
2677,"animal food (feed), environmental, fuels","fuelwood, minerals, nitrogen fixation, shade & shelter, vitamins","bark, entire plant, leaves, roots"
2678,"animal food (feed), environmental, fuels, material","fuelwood, minerals, nitrogen fixation, ornamental/turf, shade & shelter, timber wood, vitamins, windbreak","bark, entire plant, leaves, roots"
2680,"animal food (feed), environmental, fuels","charcoal, fuelwood, minerals, shade & shelter, vitamins, windbreak","bark, entire plant, leaves"
2681,"environmental, fuels, material","dye/tannin, fuelwood, honey, nitrogen fixation, ornamental/turf, shade & shelter, windbreak","bark, entire plant, flowers, roots, stems"
2683,"environmental, fuels, material","erosion control, fuelwood, nitrogen fixation, shade & shelter, timber wood","bark, entire plant, roots"
2684,"environmental, fuels, material","fuelwood, ornamental/turf, timber wood","bark, entire plant"
2685,"environmental, material","dye/tannin, erosion control, essential oils, gums/resins, ornamental/turf","entire plant, exudates, flowers, stems"
2692,"environmental, fuels","fuelwood, nitrogen fixation, revegetation","bark, entire plant, roots"
2694,"animal food (feed), environmental, fuels, material","erosion control, fuelwood, minerals, nitrogen fixation, protein, shade & shelter, timber wood, vitamins, windbreak","bark, entire plant, fruits, leaves, roots"
2695,"animal food (feed), environmental, fuels, material","agroforestry, charcoal, erosion control, fuelwood, gums/resins, minerals, nitrogen fixation, shade & shelter, vitamins, windbreak","bark, entire plant, leaves, roots, stems"
2697,"animal food (feed), environmental, food & beverage, fuels, material, medicinal","agroforestry, charcoal, digestive system applications, erosion control, essential oils, fibres, fuelwood, genitourinary system applications, gums/resins, honey, minerals, ornamental/turf, pioneer, protein, revegetation, timber wood, vitamins","bark, entire plant, flowers, fruits, leaves, roots, seeds, stems"
2698,"animal food (feed), environmental, fuels, material","agroforestry, dye/tannin, fuelwood, gums/resins, minerals, nitrogen fixation, vitamins","bark, entire plant, exudates, leaves, roots, stems"
2699,"animal food (feed), environmental, fuels, material","fuelwood, minerals, nitrogen fixation, shade & shelter, timber wood, vitamins","bark, entire plant, leaves, roots"
2701,"environmental, fuels, material","dye/tannin, erosion control, fuelwood, ornamental/turf, timber wood, windbreak","bark, entire plant, stems"
2702,"environmental, fuels","erosion control, fuelwood, nitrogen fixation, ornamental/turf, revegetation, shade & shelter, windbreak","bark, entire plant, roots"
2705,"animal food (feed), environmental, food & beverage, fuels, material","fuelwood, minerals, ornamental/turf, revegetation, shade & shelter, timber wood, vitamins, windbreak","bark, entire plant, fruits, leaves, seeds"
2708,fuels,fuelwood,entire plant
2710,"animal food (feed), environmental, fuels, material","fuelwood, minerals, nitrogen fixation, shade & shelter, timber wood, vitamins","bark, entire plant, leaves, roots"
2712,"animal food (feed), environmental, fuels, material, poison","agroforestry, charcoal, erosion control, fuelwood, gums/resins, mammals, minerals, ornamental/turf, protein, shade & shelter, vitamins","bark, entire plant, fruits, leaves, stems"
2714,"environmental, fuels","fuelwood, nitrogen fixation, ornamental/turf, shade & shelter","bark, entire plant, roots"
2715,"animal food (feed), environmental, fuels","charcoal, erosion control, fuelwood, minerals, revegetation, vitamins","bark, entire plant, leaves"
2717,"animal food (feed), environmental, fuels","erosion control, fuelwood, minerals, nitrogen fixation, ornamental/turf, protein, shade & shelter, windbreak","bark, entire plant, fruits, roots"
2718,"animal food (feed), environmental, food & beverage, fuels, material","erosion control, fuelwood, gums/resins, minerals, ornamental/turf, protein, shade & shelter, vitamins, windbreak","bark, entire plant, exudates, leaves, seeds"
2720,"environmental, fuels","fuelwood, shade & shelter","bark, entire plant"
2735,food & beverage,"minerals, vitamins",fruits
2737,"environmental, medicinal","blood system applications, ornamental/turf, skin applications","entire plant, leaves"
2741,"environmental, food & beverage","minerals, ornamental/turf, vitamins","entire plant, flowers, fruits"
2742,material,fibres,leaves
2743,fuels,fuelwood,bark
2744,"environmental, material, medicinal","blood system applications, living fence, ornamental/turf, timber wood","bark, entire plant, stems"
2756,material,timber wood,bark
2761,medicinal,"digestive system applications, respiratory applications",entire plant
2762,"environmental, food additive, medicinal","blood system applications, condiment/seasoning, digestive system applications, muscular/skeletal applications, nervous system applications, ornamental/turf, skin applications","entire plant, flowers, leaves"
2763,medicinal,Unspecified,flowers
2766,animal food (feed),"minerals, vitamins",entire plant
2770,"environmental, material","shade & shelter, timber wood","bark, entire plant"
2777,"environmental, medicinal, poison","digestive system applications, mammals, muscular/skeletal applications, nervous system applications, ornamental/turf, respiratory applications, sensory applications","entire plant, roots"
2779,"environmental, food additive, material, medicinal, poison","agroforestry, condiment/seasoning, cosmetics & perfumery, digestive system applications, essential oils, mammals, metabolic system applications, nervous system applications","entire plant, roots, Unspecified"
2780,"animal food (feed), environmental, fuels, material","erosion control, fuelwood, honey, minerals, revegetation, shade & shelter, timber wood, vitamins, windbreak","bark, entire plant, flowers, leaves"
2782,animal food (feed),"minerals, vitamins",entire plant
2783,"animal food (feed), environmental, food & beverage, material","fibres, lipids, lipids/oil & fats, minerals, ornamental/turf, protein, starch, vitamins","bark, entire plant, exudates, fruits, leaves, seeds"
2787,"environmental, food & beverage, material","fibres, lipids, lipids/oil & fats, shade & shelter, starch, vitamins","bark, bulbs, entire plant, fruits, leaves, seeds"
2803,"environmental, food & beverage","minerals, ornamental/turf, vitamins","entire plant, fruits"
2807,"environmental, food & beverage, food additive, material","agroforestry, condiment/seasoning, fibres, lipids, lipids/oil & fats, minerals, ornamental/turf, protein, shade & shelter, vitamins","entire plant, fruits, leaves, seeds, stems"
2808,"environmental, food & beverage, material","fibres, lipids, lipids/oil & fats, ornamental/turf, vitamins","entire plant, fruits, seeds, stems"
2809,"animal food (feed), food & beverage, material","fibres, lipids/oil & fats, minerals, vitamins","bark, fruits, seeds, stems"
2823,"environmental, medicinal","endocrine system applications, ornamental/turf, respiratory applications, skin applications",entire plant
2824,material,timber wood,bark
2829,"medicinal, poison","blood system applications, mammals, nervous system applications",entire plant
2830,fuels,fuelwood,bark
28399,"animal food (feed), environmental, medicinal, poison","digestive system applications, mammals, minerals, ornamental/turf, shade & shelter, vitamins","entire plant, fruits, leaves, roots, seeds"
2844,"animal food (feed), food & beverage, food additive, fuels, material, medicinal, poison","blood system applications, condiment/seasoning, cosmetics & perfumery, digestive system applications, dye/tannin, fish, fuelwood, gums/resins, immune system applications, lipids/oil & fats, minerals, nervous system applications, skin applications, timber wood, vitamins","bark, flowers, fruits, leaves, roots, seeds, stems"
2851,animal food (feed),"minerals, protein, vitamins",entire plant
2852,animal food (feed),"minerals, vitamins",entire plant
2856,"environmental, food & beverage, medicinal, social","blood system applications, ornamental/turf, other socio-cultural uses, respiratory applications, starch","entire plant, fruits, seeds, stems"
2857,material,timber wood,bark
2863,"food & beverage, food additive","condiment/seasoning, minerals, vitamins",leaves
2872,"food & beverage, food additive, medicinal","condiment/seasoning, minerals, Unspecified, vitamins","buds, fruits, leaves, seeds"
2877,"environmental, fuels, material, medicinal","digestive system applications, fuelwood, genitourinary system applications, immune system applications, lipids/oil & fats, manure/fertilizer, timber wood","bark, fruits, leaves, Unspecified"
2881,"environmental, food & beverage, material, medicinal","dental applications, genitourinary system applications, minerals, ornamental/turf, respiratory applications, shade & shelter, skin applications, timber wood, vitamins","bark, entire plant, leaves, roots, stems"
2886,material,"gums/resins, timber wood","bark, stems"
2887,material,"other material/chemicals, paper, timber wood","bark, exudates"
2888,material,timber wood,bark
289,"food & beverage, material, medicinal","fibres, lipids, lipids/oil & fats, minerals, protein, Unspecified, vitamins","bark, fruits, seeds"
2894,"environmental, material","erosion control, fibres, living fence","entire plant, leaves"
2896,material,fibres,leaves
2897,"material, poison","fibres, mammals","entire plant, leaves"
290,"environmental, food & beverage, medicinal","minerals, ornamental/turf, Unspecified, vitamins","bulbs, entire plant, leaves, roots, Unspecified"
291,"environmental, material, medicinal","blood system applications, digestive system applications, essential oils, genitourinary system applications, nervous system applications, ornamental/turf","entire plant, leaves, roots, seeds"
2914,medicinal,"blood system applications, endocrine system applications, skin applications",entire plant
2919,"animal food (feed), environmental","minerals, revegetation, vitamins",entire plant
2920,animal food (feed),"minerals, vitamins",entire plant
2921,"animal food (feed), environmental","erosion control, minerals, revegetation, vitamins",entire plant
2922,animal food (feed),"minerals, vitamins",entire plant
2924,animal food (feed),"minerals, vitamins",entire plant
2925,"animal food (feed), food & beverage, medicinal","digestive system applications, metabolic system applications, minerals, muscular/skeletal applications, respiratory applications, skin applications, starch, vitamins","entire plant, roots, seeds"
2926,animal food (feed),"minerals, vitamins",entire plant
2927,animal food (feed),"minerals, vitamins",entire plant
2928,animal food (feed),"minerals, vitamins",entire plant
2929,animal food (feed),"minerals, vitamins",entire plant
2930,animal food (feed),"minerals, vitamins",entire plant
2931,"animal food (feed), environmental","erosion control, minerals, vitamins",entire plant
2932,animal food (feed),"minerals, vitamins",entire plant
2934,animal food (feed),"minerals, vitamins",entire plant
2937,animal food (feed),"minerals, vitamins",entire plant
2941,"animal food (feed), environmental","minerals, ornamental/turf, vitamins",entire plant
2942,animal food (feed),"minerals, vitamins",entire plant
2943,"environmental, fuels, material, medicinal","agroforestry, blood system applications, charcoal, digestive system applications, dye/tannin, erosion control, fuelwood, ornamental/turf, paper, shade & shelter, skin applications, timber wood","bark, entire plant, leaves, stems"
2944,"animal food (feed), environmental, fuels, material, medicinal","agroforestry, fuelwood, gums/resins, minerals, shade & shelter, Unspecified, vitamins","bark, entire plant, exudates, leaves, stems"
2945,"animal food (feed), material","gums/resins, minerals, timber wood, vitamins","bark, exudates, leaves"
295,"environmental, fuels, material, non-vertebrate food","agroforestry, charcoal, dye/tannin, erosion control, fuelwood, minerals, ornamental/turf, other material/chemicals, paper, revegetation, shade & shelter, timber wood","bark, entire plant, leaves, stems"
2957,animal food (feed),"minerals, protein",leaves
2958,"animal food (feed), food & beverage, material","dye/tannin, fibres, minerals, protein, timber wood, vitamins","bark, bulbs, leaves, roots, stems"
2959,"animal food (feed), environmental, fuels, material","agroforestry, charcoal, fuelwood, minerals, nitrogen fixation, paper, timber wood, vitamins","bark, entire plant, leaves, roots"
2964,"animal food (feed), environmental","erosion control, minerals, nitrogen fixation, ornamental/turf, revegetation, shade & shelter, vitamins","entire plant, leaves"
2965,material,timber wood,bark
2966,material,timber wood,bark
2967,material,timber wood,bark
2968,"environmental, material","nitrogen fixation, ornamental/turf, timber wood","bark, entire plant, roots"
297,"animal food (feed), environmental, fuels, material, medicinal, poison","blood system applications, cosmetics & perfumery, digestive system applications, dye/tannin, erosion control, essential oils, fuelwood, gums/resins, mammals, metabolic system applications, muscular/skeletal applications, ornamental/turf, protein, shade & shelter, skin applications, timber wood","bark, entire plant, exudates, flowers, fruits, leaves, roots, seeds, stems"
2972,"animal food (feed), food & beverage, medicinal","blood system applications, digestive system applications, muscular/skeletal applications, skin applications, vitamins","entire plant, leaves"
298,"environmental, fuels","charcoal, fuelwood, nitrogen fixation, ornamental/turf, revegetation, shade & shelter, windbreak","bark, entire plant, roots"
2984,"food & beverage, material, medicinal","digestive system applications, dye/tannin, nutritional applications, respiratory applications, skin applications, vitamins","entire plant, leaves"
2992,food & beverage,Unspecified,entire plant
2994,"food & beverage, medicinal","minerals, Unspecified, vitamins",rhizomes
3010,"food additive, medicinal","blood system applications, condiment/seasoning, digestive system applications, muscular/skeletal applications, skin applications",leaves
3020,"environmental, material","agroforestry, dye/tannin, erosion control, nitrogen fixation, pioneer, soil improvers","entire plant, roots, stems"
3021,"environmental, material, medicinal","blood system applications, digestive system applications, dye/tannin, endocrine system applications, immune system applications, revegetation, soil improvers, timber wood","bark, entire plant, leaves, roots, stems"
3023,environmental,"agroforestry, erosion control, ornamental/turf",entire plant
3024,"animal food (feed), environmental, fuels, material","dye/tannin, erosion control, fuelwood, minerals, nitrogen fixation, timber wood, vitamins","bark, entire plant, leaves, roots, stems"
3025,"environmental, fuels, material","agroforestry, charcoal, erosion control, fuelwood, nitrogen fixation, ornamental/turf, paper, revegetation, shade & shelter, timber wood, windbreak","bark, entire plant, roots"
3031,"environmental, medicinal","living fence, ornamental/turf, Unspecified","entire plant, leaves"
3032,"environmental, medicinal","ornamental/turf, Unspecified","entire plant, leaves"
3036,"animal food (feed), food additive, material, medicinal","condiment/seasoning, cosmetics & perfumery, digestive system applications, endocrine system applications, minerals, muscular/skeletal applications, nervous system applications, skin applications","leaves, roots"
3039,medicinal,Unspecified,leaves
3044,animal food (feed),"minerals, vitamins",entire plant
30442,"environmental, fuels, material","charcoal, essential oils, fuelwood, ornamental/turf, timber wood","bark, entire plant"
3045,animal food (feed),"minerals, vitamins",entire plant
3046,animal food (feed),"minerals, vitamins",entire plant
304602,"environmental, material","aromatics, ornamental/turf","entire plant, Unspecified"
3048,"environmental, food additive, material, medicinal","condiment/seasoning, digestive system applications, essential oils, muscular/skeletal applications, nervous system applications, ornamental/turf","entire plant, flowers, leaves"
3052,"food & beverage, food additive, medicinal","condiment/seasoning, minerals, Unspecified, vitamins","buds, entire plant, flowers, fruits"
305322,"animal food (feed), environmental, material, poison","agroforestry, honey, insects, lipids, minerals, protein, timber wood, vitamins","bark, entire plant, flowers, fruits, leaves"
305323,"animal food (feed), environmental, fuels, material, medicinal","agroforestry, blood system applications, erosion control, fuelwood, minerals, paper, timber wood, vitamins","bark, entire plant, leaves, stems"
305324,"fuels, material, medicinal","charcoal, digestive system applications, fuelwood, respiratory applications, skin applications, timber wood","bark, roots, stems"
305325,"environmental, material, medicinal","agroforestry, mulch, ornamental/turf, timber wood, Unspecified","bark, entire plant, leaves"
3054,"food additive, medicinal","condiment/seasoning, Unspecified","buds, fruits"
3066,"material, medicinal","cosmetics & perfumery, digestive system applications, muscular/skeletal applications, respiratory applications, sensory applications, skin applications","flowers, leaves, roots"
3067,material,"paper, timber wood",bark
3069,"animal food (feed), environmental, food & beverage","manure/fertilizer, minerals, vitamins",entire plant
3070,"animal food (feed), environmental","cover crop, minerals, soil improvers, vitamins",entire plant
30805,"environmental, food & beverage, fuels, material, medicinal, poison","dye/tannin, fuelwood, genitourinary system applications, insects, minerals, ornamental/turf, respiratory applications, revegetation, shade & shelter, timber wood, vitamins, windbreak","bark, entire plant, exudates, fruits, leaves, seeds, stems"
3086,food & beverage,"minerals, protein, vitamins",leaves
3090,"animal food (feed), food & beverage, fuels","minerals, non-wood fuel, protein, starch","bark, leaves, seeds"
30919,medicinal,skin applications,entire plant
3116,"environmental, food & beverage, medicinal","digestive system applications, erosion control, genitourinary system applications, immune system applications, living fence, ornamental/turf, respiratory applications, revegetation, sensory applications, vitamins, windbreak","entire plant, fruits, roots, stems"
3127,"environmental, food & beverage, material","agroforestry, fibres, minerals, vitamins","entire plant, fruits, Unspecified"
3131,"animal food (feed), environmental","erosion control, minerals, vitamins",entire plant
3132,environmental,erosion control,entire plant
31703,"food & beverage, material, medicinal","digestive system applications, lipids/oil & fats, minerals, Unspecified, vitamins","fruits, leaves, roots, seeds"
318,"animal food (feed), environmental, food & beverage, fuels, material, medicinal, poison","blood system applications, digestive system applications, fuelwood, immune system applications, lipids, mammals, manure/fertilizer, muscular/skeletal applications, ornamental/turf, protein, sensory applications, shade & shelter, timber wood, vitamins","bark, entire plant, leaves, seeds, stems"
3187,medicinal,"endocrine system applications, respiratory applications, skin applications",entire plant
3202,"animal food (feed), environmental, material","canes, erosion control, minerals, revegetation, vitamins, windbreak","bark, entire plant"
3203,animal food (feed),"minerals, vitamins",entire plant
3204,environmental,erosion control,entire plant
3217,"medicinal, poison","mammals, muscular/skeletal applications, skin applications",entire plant
3218,"food & beverage, food additive, material, medicinal","condiment/seasoning, cosmetics & perfumery, digestive system applications, essential oils, genitourinary system applications, metabolic system applications, muscular/skeletal applications, nervous system applications, respiratory applications, vitamins","bark, leaves, roots"
3220,"food & beverage, food additive, material, medicinal","condiment/seasoning, digestive system applications, essential oils, genitourinary system applications, muscular/skeletal applications, nervous system applications, protein, vitamins","leaves, seeds"
3221,"environmental, material","ornamental/turf, timber wood","bark, entire plant"
3222,"animal food (feed), environmental, fuels, material","fuelwood, minerals, shade & shelter, timber wood, vitamins","bark, entire plant, leaves"
3230,material,timber wood,bark
3236,"food & beverage, poison","bacteria, minerals, molluscs, vitamins",fruits
3241,"environmental, food & beverage, fuels, medicinal, poison","fuelwood, genitourinary system applications, insects, minerals, molluscs, ornamental/turf, sensory applications, vitamins","bark, entire plant, fruits, leaves, roots, seeds"
3242,food & beverage,"minerals, vitamins",fruits
32427,"animal food (feed), food & beverage, material, medicinal","blood system applications, fibres, lipids/oil & fats, minerals, timber wood, vitamins","bark, fruits, leaves, seeds"
3243,"animal food (feed), food & beverage, food additive, material, medicinal, poison","condiment/seasoning, dental applications, digestive system applications, dye/tannin, genitourinary system applications, insects, minerals, respiratory applications, skin applications, vitamins","flowers, fruits, leaves, roots, stems"
3245,material,timber wood,bark
3246,"environmental, fuels, material, non-vertebrate food","agroforestry, charcoal, fuelwood, gums/resins, minerals, timber wood, vitamins","bark, entire plant, exudates, leaves"
3248,material,"dye/tannin, timber wood","bark, Unspecified"
3254,"environmental, material, medicinal","cosmetics & perfumery, digestive system applications, endocrine system applications, essential oils, immune system applications, muscular/skeletal applications, nervous system applications, ornamental/turf, skin applications","entire plant, flowers"
3256,animal food (feed),"minerals, vitamins",entire plant
3259,"material, medicinal","fibres, timber wood, Unspecified","bark, stems"
326,animal food (feed),"minerals, vitamins",entire plant
3260,"medicinal, poison","mammals, Unspecified",stems
3265,"material, medicinal","lipids/oil & fats, Unspecified",Unspecified
3270,"animal food (feed), environmental, medicinal","digestive system applications, minerals, ornamental/turf, respiratory applications, skin applications",entire plant
3286,food & beverage,"protein, starch, vitamins","roots, seeds"
3289,food & beverage,"minerals, vitamins",roots
329,material,timber wood,bark
3302,"material, medicinal","aromatics, cosmetics & perfumery, essential oils, gums/resins, metabolic system applications, nervous system applications",bark
3304,"environmental, medicinal, poison","digestive system applications, mammals, metabolic system applications, nervous system applications, ornamental/turf, skin applications",entire plant
3308,"animal food (feed), food & beverage","minerals, protein, vitamins",seeds
331,environmental,pioneer,entire plant
3310,"animal food (feed), environmental, food & beverage","minerals, ornamental/turf, protein, vitamins","entire plant, seeds"
33121,"animal food (feed), environmental, medicinal","digestive system applications, erosion control, minerals, pioneer","entire plant, roots"
3318,"food & beverage, material","minerals, timber wood, vitamins","bark, fruits, seeds"
3320,"environmental, material","ornamental/turf, timber wood","bark, entire plant"
3321,"environmental, material","ornamental/turf, timber wood","bark, entire plant"
3325,"food & beverage, medicinal","blood system applications, digestive system applications, immune system applications, vitamins","fruits, leaves"
3327,"food & beverage, food additive, fuels, material, medicinal","condiment/seasoning, dye/tannin, fuelwood, minerals, skin applications, timber wood, vitamins","bark, bulbs, fruits, leaves, seeds, stems"
3329,environmental,ornamental/turf,entire plant
333,material,timber wood,bark
3330,"food & beverage, medicinal","blood system applications, digestive system applications, endocrine system applications, metabolic system applications, minerals, muscular/skeletal applications, skin applications, vitamins","leaves, roots"
3348,"food & beverage, food additive, material, medicinal, non-vertebrate food, poison","fibres, honey, mammals, minerals, protein, starch, sweetener, Unspecified, vitamins","bark, flowers, fruits, leaves, roots, Unspecified"
3351,"animal food (feed), environmental, food & beverage, fuels, material","charcoal, erosion control, lipids/oil & fats, minerals, protein, shade & shelter, timber wood, vitamins, windbreak","bark, entire plant, fruits, leaves, seeds"
3356,material,timber wood,bark
3357,material,timber wood,bark
3369,"animal food (feed), environmental","erosion control, minerals, vitamins",entire plant
3370,"animal food (feed), environmental","erosion control, minerals, vitamins",entire plant
3372,animal food (feed),"minerals, vitamins",entire plant
3373,animal food (feed),"minerals, vitamins",entire plant
3374,animal food (feed),"minerals, vitamins",entire plant
3376,"animal food (feed), environmental","erosion control, minerals, pioneer, vitamins",entire plant
3377,"animal food (feed), environmental","erosion control, minerals, vitamins",entire plant
3379,"animal food (feed), environmental","erosion control, minerals, revegetation, vitamins",entire plant
3380,animal food (feed),"minerals, vitamins",entire plant
3384,"food & beverage, food additive, medicinal","condiment/seasoning, minerals, Unspecified, vitamins","leaves, roots, Unspecified"
3385,"medicinal, social","immune system applications, muscular/skeletal applications, nervous system applications, skin applications, smoking material","flowers, leaves, roots"
3386,"animal food (feed), food & beverage","minerals, protein, starch, vitamins","bark, leaves, roots"
3387,animal food (feed),"minerals, vitamins",entire plant
3389,"food additive, material, medicinal","condiment/seasoning, digestive system applications, dye/tannin, endocrine system applications, essential oils, skin applications","bark, bulbs, flowers, leaves"
339,"environmental, material","agroforestry, fibres","entire plant, leaves"
3390,"food additive, medicinal, poison","blood system applications, condiment/seasoning, digestive system applications, mammals, metabolic system applications, muscular/skeletal applications, nervous system applications","entire plant, flowers, leaves"
3391,medicinal,Unspecified,leaves
3392,"environmental, medicinal","immune system applications, ornamental/turf","entire plant, flowers, leaves"
3402,"food additive, material, medicinal","blood system applications, condiment/seasoning, cosmetics & perfumery, digestive system applications, essential oils, metabolic system applications, respiratory applications","entire plant, exudates"
3415,"food additive, medicinal, poison","condiment/seasoning, digestive system applications, endocrine system applications, insects, metabolic system applications, muscular/skeletal applications, respiratory applications",entire plant
3423,"animal food (feed), environmental, food & beverage, material, medicinal, social","blood system applications, digestive system applications, fibres, latex/rubber, minerals, other socio-cultural uses, protein, sensory applications, shade & shelter, skin applications, timber wood, vitamins, windbreak","bark, entire plant, exudates, flowers, fruits, leaves, seeds, stems"
3428,"animal food (feed), food & beverage, material","minerals, timber wood, vitamins","bark, fruits, leaves"
3433,"animal food (feed), material","minerals, timber wood, vitamins","bark, leaves"
3435,"animal food (feed), environmental, food & beverage, material","fibres, latex/rubber, minerals, ornamental/turf, protein, shade & shelter, timber wood, vitamins","bark, entire plant, exudates, fruits, leaves, seeds, stems"
3437,"environmental, material","fibres, ornamental/turf, shade & shelter, timber wood","bark, entire plant, stems"
3458,animal food (feed),"minerals, vitamins",bulbs
3460,animal food (feed),"minerals, vitamins",entire plant
3466,"environmental, medicinal","blood system applications, immune system applications, metabolic system applications, ornamental/turf, respiratory applications, skin applications","entire plant, roots"
347,"animal food (feed), environmental, fuels, material","agroforestry, charcoal, fibres, fuelwood, minerals, ornamental/turf, paper, revegetation, shade & shelter, timber wood, vitamins","bark, entire plant, leaves"
34722,environmental,ornamental/turf,entire plant
3478,environmental,erosion control,entire plant
3487,medicinal,skin applications,roots
349,"animal food (feed), environmental, fuels, material, medicinal","charcoal, dye/tannin, erosion control, fuelwood, gums/resins, honey, manure/fertilizer, minerals, nitrogen fixation, ornamental/turf, shade & shelter, timber wood, Unspecified, vitamins","bark, entire plant, exudates, flowers, leaves, roots, stems"
350,"environmental, fuels, material","charcoal, dye/tannin, erosion control, firebreaks, fuelwood, nitrogen fixation, revegetation, shade & shelter, timber wood","bark, entire plant, roots, stems"
3500,animal food (feed),"minerals, vitamins",entire plant
3504,"material, medicinal","gums/resins, Unspecified","bark, leaves"
3509,"animal food (feed), environmental","manure/fertilizer, protein, vitamins",entire plant
3510,animal food (feed),"minerals, vitamins",entire plant
3511,animal food (feed),"minerals, vitamins",entire plant
3512,animal food (feed),"minerals, vitamins",entire plant
3513,animal food (feed),"minerals, vitamins",entire plant
3515,"animal food (feed), material","lipids/oil & fats, minerals, vitamins","fruits, Unspecified"
352,"environmental, material","shade & shelter, timber wood","bark, entire plant"
3522,"food & beverage, material, medicinal","fibres, lipids, lipids/oil & fats, protein, sensory applications, sugar, timber wood, Unspecified, vitamins","bark, bulbs, fruits, leaves, seeds"
3529,"animal food (feed), environmental","minerals, shade & shelter, vitamins","entire plant, leaves"
353,"environmental, fuels, material","lipids/oil & fats, manure/fertilizer, petroleum substitutes/alcohol",seeds
3530,material,timber wood,bark
3531,material,timber wood,bark
354,"environmental, food & beverage, fuels, material, medicinal, poison","digestive system applications, dye/tannin, fuelwood, genitourinary system applications, immune system applications, lipids, lipids/oil & fats, mammals, manure/fertilizer, minerals, muscular/skeletal applications, ornamental/turf, petroleum substitutes/alcohol, sensory applications, shade & shelter, timber wood","bark, entire plant, leaves, seeds, stems"
3540,animal food (feed),"minerals, vitamins",entire plant
3542,animal food (feed),"minerals, vitamins",entire plant
3544,"animal food (feed), environmental","erosion control, minerals, revegetation, vitamins",entire plant
3545,animal food (feed),"minerals, vitamins",entire plant
3546,animal food (feed),"minerals, vitamins",entire plant
3549,"animal food (feed), environmental, food & beverage","minerals, ornamental/turf, vitamins",entire plant
355,"environmental, fuels, material","lipids/oil & fats, manure/fertilizer, petroleum substitutes/alcohol",seeds
3550,"animal food (feed), environmental","erosion control, minerals, revegetation, vitamins","entire plant, leaves, seeds"
355150,"environmental, material, medicinal","agroforestry, blood system applications, dental applications, digestive system applications, lipids/oil & fats, timber wood","bark, entire plant, leaves, seeds, stems"
355151,"animal food (feed), environmental, fuels, material, medicinal, poison","cover crop, dye/tannin, erosion control, fish, fuelwood, genitourinary system applications, lipids/oil & fats, minerals, revegetation, shade & shelter, timber wood, vitamins","bark, entire plant, flowers, leaves, seeds, stems"
355152,"environmental, fuels, material","agroforestry, fuelwood, gums/resins, nitrogen fixation, paper, timber wood","bark, entire plant, roots, stems"
355153,"animal food (feed), environmental, food & beverage, material, medicinal","blood system applications, digestive system applications, genitourinary system applications, honey, minerals, ornamental/turf, respiratory applications, skin applications, timber wood, vitamins","bark, entire plant, flowers, fruits, leaves, roots, stems"
355154,"animal food (feed), environmental, material, medicinal","agroforestry, dye/tannin, immune system applications, minerals, mulch, ornamental/turf, sensory applications, shade & shelter, timber wood, vitamins, windbreak","bark, entire plant, fruits, leaves, roots, stems"
355155,"environmental, material, medicinal","digestive system applications, dye/tannin, ornamental/turf, revegetation, shade & shelter","bark, entire plant, stems"
3552,animal food (feed),"minerals, vitamins",entire plant
3557,animal food (feed),"minerals, vitamins",entire plant
3558,"medicinal, poison","digestive system applications, immune system applications, mammals, muscular/skeletal applications, nervous system applications, sensory applications","entire plant, leaves, roots"
3560,"animal food (feed), environmental, food & beverage, material","lipids, lipids/oil & fats, ornamental/turf, starch, vitamins","entire plant, fruits, seeds, stems, unspecified part"
3561,material,fibres,"bark, leaves"
3564,material,timber wood,bark
3568,"animal food (feed), food & beverage","minerals, vitamins",seeds
3569,"animal food (feed), food & beverage","minerals, starch, vitamins","entire plant, seeds"
3571,"food & beverage, material","fibres, paper, starch, vitamins","bark, seedlings, seeds"
3572,"animal food (feed), food & beverage","minerals, vitamins",seeds
3575,"food & beverage, fuels, material, poison","charcoal, dye/tannin, fuelwood, gums/resins, honey, mammals, minerals, timber wood, vitamins","bark, flowers, seeds, stems"
3576,"animal food (feed), environmental, food & beverage, fuels, material","dye/tannin, fuelwood, honey, minerals, pioneer, timber wood, vitamins","bark, entire plant, flowers, fruits, leaves, roots, stems"
3578,"animal food (feed), environmental","erosion control, minerals, ornamental/turf, vitamins",entire plant
3580,animal food (feed),"minerals, vitamins",entire plant
3581,"animal food (feed), environmental, fuels, material, medicinal, poison","charcoal, cosmetics & perfumery, dye/tannin, fuelwood, insects, lipids/oil & fats, minerals, ornamental/turf, revegetation, shade & shelter, soil improvers, timber wood, Unspecified","bark, entire plant, flowers, fruits, leaves, seeds, stems"
3582,"animal food (feed), environmental, food & beverage, fuels, material, medicinal","digestive system applications, fibres, fuelwood, minerals, ornamental/turf, protein, sensory applications, shade & shelter, vitamins","bark, entire plant, fruits, leaves, roots, stems"
3585,"animal food (feed), environmental, food additive","condiment/seasoning, soil improvers, vitamins",entire plant
3591,"environmental, food & beverage, material","dye/tannin, minerals, ornamental/turf, shade & shelter, vitamins","entire plant, fruits, stems"
3596,"environmental, food & beverage, material","dye/tannin, fibres, minerals, ornamental/turf, vitamins","entire plant, fruits, leaves, stems"
3597,"environmental, food & beverage, material","minerals, ornamental/turf, shade & shelter, timber wood, vitamins","bark, entire plant, fruits"
3608,"animal food (feed), food & beverage, fuels, material, medicinal, poison","charcoal, fish, fuelwood, insects, lipids/oil & fats, minerals, non-wood fuel, timber wood, Unspecified, vitamins","bark, fruits, leaves, roots, seeds, stems"
3613,"animal food (feed), environmental, food & beverage, fuels, material","agroforestry, canes, erosion control, fibres, minerals, non-wood fuel, paper, revegetation, vitamins","bark, bulbs, entire plant, leaves"
3615,material,"canes, fibres",bark
3618,"environmental, food & beverage, fuels, material","canes, erosion control, living fence, minerals, non-wood fuel, paper, vitamins, windbreak","bark, bulbs, entire plant, seeds"
3621,material,"canes, fibres",bark
3623,material,"canes, fibres",bark
3624,material,"canes, fibres",bark
3627,material,"canes, fibres",bark
363,food & beverage,"minerals, vitamins",entire plant
3632,"environmental, material","erosion control, honey, ornamental/turf, timber wood, windbreak","bark, entire plant, flowers"
363339,"animal food (feed), environmental, food & beverage, fuels, material, medicinal","blood system applications, digestive system applications, erosion control, fuelwood, genitourinary system applications, honey, immune system applications, living fence, minerals, ornamental/turf, paper, pollution control, skin applications, vitamins, windbreak","bark, entire plant, flowers, fruits, leaves, seeds"
3635,"environmental, material, medicinal","dye/tannin, living fence, ornamental/turf, timber wood, Unspecified","bark, entire plant"
364,"food & beverage, medicinal","blood system applications, digestive system applications, immune system applications, muscular/skeletal applications, respiratory applications, sensory applications, skin applications, vitamins",entire plant
364407,environmental,ornamental/turf,entire plant
365,food & beverage,"minerals, vitamins",entire plant
3655,"environmental, food & beverage, material","agroforestry, lipids/oil & fats, minerals, timber wood, vitamins","bark, entire plant, fruits, seeds"
3659,food & beverage,"minerals, vitamins",fruits
3666,material,timber wood,bark
3669,"animal food (feed), environmental, food & beverage, fuels, material, medicinal","blood system applications, charcoal, digestive system applications, dye/tannin, erosion control, fibres, fuelwood, genitourinary system applications, immune system applications, living fence, minerals, ornamental/turf, respiratory applications, timber wood, vitamins","bark, entire plant, fruits, leaves, roots, stems"
367,"food additive, medicinal","blood system applications, condiment/seasoning, digestive system applications, immune system applications, muscular/skeletal applications, nervous system applications, nutritional applications, skin applications",leaves
3670,"environmental, material, medicinal","digestive system applications, dye/tannin, genitourinary system applications, living fence, ornamental/turf, skin applications","entire plant, flowers, fruits, leaves, roots, seeds"
367215,"animal food (feed), food & beverage, medicinal","digestive system applications, vitamins",fruits
3673,"food & beverage, material","other material/chemicals, starch","entire plant, seeds"
3674,animal food (feed),"minerals, protein, vitamins",entire plant
367714,"animal food (feed), environmental","cover crop, minerals, pioneer, protein",entire plant
3682,"environmental, food & beverage, medicinal","ornamental/turf, respiratory applications, sensory applications, skin applications, vitamins","entire plant, leaves"
3696,"environmental, food & beverage, material, medicinal","blood system applications, digestive system applications, dye/tannin, endocrine system applications, immune system applications, living fence, nutritional applications, ornamental/turf, vitamins","entire plant, fruits, leaves, shoots, stems"
3697,"animal food (feed), environmental, food & beverage, material, medicinal","dye/tannin, gums/resins, honey, minerals, ornamental/turf, shade & shelter, sugar, timber wood, Unspecified, vitamins, windbreak","bark, entire plant, flowers, fruits, leaves, roots, seeds"
3698,material,timber wood,bark
3699,"animal food (feed), food & beverage, fuels, material","cosmetics & perfumery, lipids/oil & fats, minerals, non-wood fuel, protein, timber wood, vitamins","bark, fruits, seeds"
370377,"animal food (feed), environmental","erosion control, protein, vitamins",entire plant
3712,"animal food (feed), food & beverage, material, medicinal","dye/tannin, minerals, Unspecified, vitamins",roots
3713,"animal food (feed), food & beverage, material","lipids/oil & fats, minerals, vitamins","leaves, Unspecified"
3721,"food & beverage, material, medicinal","blood system applications, digestive system applications, dye/tannin, minerals, muscular/skeletal applications, skin applications, timber wood","bark, leaves, stems"
3722,"environmental, food & beverage, fuels, material, medicinal","blood system applications, charcoal, digestive system applications, dye/tannin, genitourinary system applications, immune system applications, muscular/skeletal applications, paper, pioneer, skin applications, starch, timber wood, Unspecified, vitamins","bark, entire plant, leaves, sap, stems"
372215,animal food (feed),"protein, vitamins",entire plant
372216,animal food (feed),"protein, vitamins",entire plant
372217,animal food (feed),"protein, vitamins",entire plant
372218,animal food (feed),"minerals, protein",leaves
372219,animal food (feed),"protein, vitamins",entire plant
372221,animal food (feed),"protein, vitamins",entire plant
372222,animal food (feed),"protein, vitamins",entire plant
372225,animal food (feed),"protein, vitamins",entire plant
372226,animal food (feed),"protein, vitamins",entire plant
372229,"animal food (feed), environmental","cover crop, erosion control, protein, vitamins",entire plant
372230,"animal food (feed), environmental","living fence, protein, vitamins",entire plant
372231,"animal food (feed), food & beverage","minerals, protein, vitamins","flowers, fruits, leaves, seeds"
372235,animal food (feed),"protein, vitamins",entire plant
372247,"animal food (feed), environmental","pioneer, protein, vitamins",entire plant
372248,"animal food (feed), environmental","erosion control, minerals, vitamins",entire plant
372249,animal food (feed),"minerals, vitamins",entire plant
372259,"animal food (feed), environmental","erosion control, protein, vitamins",entire plant
372260,"animal food (feed), environmental","erosion control, nitrogen fixation, protein, vitamins",entire plant
372261,animal food (feed),"protein, vitamins",entire plant
372262,"animal food (feed), food & beverage","minerals, vitamins","bulbs, leaves"
372263,"animal food (feed), environmental, medicinal","cover crop, ornamental/turf, protein, Unspecified, vitamins",entire plant
372264,"animal food (feed), material","honey, protein, vitamins","entire plant, flowers"
372265,"animal food (feed), material","honey, protein, vitamins","entire plant, flowers"
372266,"animal food (feed), material","honey, protein, vitamins","entire plant, flowers"
372267,"animal food (feed), environmental, material","honey, nitrogen fixation, protein, vitamins","entire plant, flowers, roots"
372268,animal food (feed),"protein, vitamins",entire plant
372327,"animal food (feed), environmental","erosion control, minerals, pioneer, vitamins",entire plant
372328,"animal food (feed), environmental","erosion control, minerals, pioneer, vitamins",entire plant
372329,"animal food (feed), environmental","erosion control, minerals, pioneer, vitamins",entire plant
372330,"animal food (feed), environmental","erosion control, protein, vitamins",entire plant
372331,animal food (feed),"protein, vitamins",entire plant
372338,animal food (feed),"protein, vitamins",entire plant
372339,animal food (feed),"protein, vitamins",entire plant
372340,"animal food (feed), environmental","minerals, ornamental/turf, vitamins",entire plant
3742,medicinal,Unspecified,Unspecified
3746,"animal food (feed), material","fibres, minerals, protein","bark, entire plant"
3750,medicinal,Unspecified,"leaves, roots"
3754,material,timber wood,bark
3756,material,"fibres, lipids/oil & fats, timber wood","bark, seeds, Unspecified"
3758,material,timber wood,bark
3761,"environmental, food & beverage, material, medicinal","digestive system applications, dye/tannin, immune system applications, metabolic system applications, muscular/skeletal applications, nervous system applications, ornamental/turf, other material/chemicals, respiratory applications, skin applications, vitamins","entire plant, flowers, leaves"
3765,"environmental, food & beverage, food additive, material","fibres, ornamental/turf, sweetener, timber wood, vitamins","bark, entire plant, exudates, fruits, leaves"
3771,"food & beverage, medicinal","genitourinary system applications, respiratory applications, sugar, vitamins",fruits
3783,"animal food (feed), environmental, fuels, material, medicinal, non-vertebrate food","blood system applications, charcoal, fibres, fuelwood, genitourinary system applications, gums/resins, minerals, ornamental/turf, revegetation, timber wood, vitamins","bark, entire plant, exudates, leaves, stems"
3786,animal food (feed),"minerals, vitamins",entire plant
3789,"animal food (feed), environmental","erosion control, minerals, vitamins",entire plant
379,"environmental, fuels, material, medicinal","charcoal, dental applications, digestive system applications, endocrine system applications, essential oils, fibres, fuelwood, ornamental/turf, paper, sensory applications, timber wood","bark, entire plant, exudates, flowers, leaves, stems"
3795,environmental,ornamental/turf,entire plant
3796,animal food (feed),"minerals, vitamins",entire plant
3798,animal food (feed),"minerals, protein, vitamins",entire plant
3805,animal food (feed),"minerals, protein, vitamins",entire plant
38122,"animal food (feed), environmental, food & beverage, fuels, material, medicinal","agroforestry, digestive system applications, erosion control, fibres, fuelwood, genitourinary system applications, latex/rubber, manure/fertilizer, minerals, ornamental/turf, respiratory applications, shade & shelter, skin applications, vitamins","bark, entire plant, fruits, leaves, roots, stems"
3813,animal food (feed),"minerals, vitamins",entire plant
38133,"food & beverage, material, medicinal","fibres, minerals, Unspecified, vitamins","flowers, leaves, stems, Unspecified"
3814,"animal food (feed), food & beverage","minerals, vitamins","entire plant, seeds"
3820,"environmental, material","ornamental/turf, timber wood","bark, entire plant"
38279,"environmental, fuels, material, medicinal","agroforestry, charcoal, digestive system applications, dye/tannin, fuelwood, honey, ornamental/turf, timber wood, Unspecified, windbreak","bark, entire plant, flowers, roots, stems"
38291,material,Unspecified,flowers
3837,"animal food (feed), environmental, fuels, material, medicinal","charcoal, digestive system applications, dye/tannin, fuelwood, honey, minerals, ornamental/turf, sensory applications, shade & shelter, vitamins","bark, entire plant, flowers, leaves, roots, stems"
3844,material,lipids/oil & fats,seeds
3848,"animal food (feed), environmental, food & beverage, food additive, fuels, material","condiment/seasoning, lipids/oil & fats, minerals, petroleum substitutes/alcohol, protein, soil improvers, vitamins","entire plant, leaves, seeds"
3861,"animal food (feed), food & beverage","minerals, vitamins","entire plant, roots"
3867,"animal food (feed), food & beverage","minerals, vitamins","bark, flowers, leaves"
3877,food & beverage,"minerals, vitamins","flowers, leaves"
3878,food & beverage,"minerals, vitamins","bark, flowers, leaves"
3881,"food & beverage, fuels, material","alcohol, essential oils, minerals, petroleum substitutes/alcohol, vitamins","bulbs, entire plant, roots"
3896,"environmental, food & beverage, fuels, material, medicinal, non-vertebrate food","agroforestry, charcoal, digestive system applications, dye/tannin, erosion control, fuelwood, gums/resins, minerals, mulch, muscular/skeletal applications, ornamental/turf, sensory applications, shade & shelter, skin applications, timber wood, vitamins","bark, entire plant, fruits, leaves, roots, stems"
390,"animal food (feed), environmental, food & beverage, fuels","non-wood fuel, ornamental/turf, protein, vitamins","bark, entire plant, leaves, seeds"
391,"food & beverage, material","fibres, minerals, protein, vitamins","bark, leaves, seeds"
3912,animal food (feed),"minerals, vitamins",entire plant
3917,"animal food (feed), environmental","erosion control, minerals, vitamins",entire plant
3922,animal food (feed),"minerals, vitamins",entire plant
3930,animal food (feed),"minerals, vitamins",entire plant
3931,animal food (feed),"minerals, vitamins",entire plant
3944,"environmental, food additive, medicinal","condiment/seasoning, digestive system applications, ornamental/turf, skin applications",entire plant
3957,"food & beverage, fuels, material, medicinal","dye/tannin, fuelwood, gums/resins, lipids/oil & fats, minerals, Unspecified, vitamins","bark, exudates, seeds, stems"
3961,"animal food (feed), environmental","erosion control, minerals, vitamins",entire plant
3962,"environmental, fuels, material","fuelwood, ornamental/turf, shade & shelter, timber wood","bark, entire plant"
3982,"animal food (feed), environmental, fuels, material","agroforestry, charcoal, fuelwood, gums/resins, living fence, minerals, ornamental/turf, shade & shelter, timber wood, vitamins","bark, entire plant, leaves, stems"
3986,"animal food (feed), environmental, fuels, material, medicinal, non-vertebrate food, poison","charcoal, digestive system applications, dye/tannin, endocrine system applications, erosion control, fibres, fuelwood, fungi, gums/resins, insects, lipids/oil & fats, minerals, non-wood fuel, ornamental/turf, vitamins","bark, entire plant, exudates, flowers, leaves, seeds, stems"
3988,"environmental, food & beverage","ornamental/turf, protein, starch","buds, entire plant, seeds"
3989,"environmental, food additive, fuels, material, medicinal","agroforestry, emulsifier, fuelwood, lipids/oil & fats, non-wood fuel, Unspecified","bark, entire plant, seeds"
3993,"environmental, food & beverage, material, medicinal","endocrine system applications, immune system applications, minerals, muscular/skeletal applications, ornamental/turf, timber wood","bark, entire plant, leaves, roots, stems"
400,food & beverage,"minerals, vitamins","leaves, roots"
400004,"food & beverage, material","fibres, lipids, protein, vitamins","seeds, stems"
4004,"environmental, material, medicinal","dye/tannin, shade & shelter, timber wood, Unspecified","bark, entire plant, fruits"
4006,"environmental, food additive, fuels, material, medicinal","colorant, dye/tannin, fuelwood, living fence, timber wood, Unspecified","bark, entire plant, fruits, Unspecified"
401,"environmental, food & beverage, fuels, material, medicinal","charcoal, digestive system applications, dye/tannin, endocrine system applications, erosion control, fuelwood, lipids/oil & fats, living fence, minerals, nutritional applications, protein, respiratory applications, shade & shelter, skin applications, timber wood, vitamins","bark, entire plant, fruits, leaves, seeds, stems"
4016,animal food (feed),"minerals, vitamins",entire plant
402,"food & beverage, food additive, material","condiment/seasoning, fibres, minerals, sugar, vitamins","fruits, leaves"
4023,"material, medicinal","canes, fibres, Unspecified","bark, Unspecified"
4027,environmental,ornamental/turf,entire plant
4033,"material, medicinal","timber wood, Unspecified","bark, Unspecified"
4037,"environmental, food & beverage, material, medicinal","agroforestry, digestive system applications, minerals, other material/chemicals, protein, starch","entire plant, leaves, roots"
4040,"environmental, food additive, medicinal","colorant, digestive system applications, endocrine system applications, genitourinary system applications, metabolic system applications, muscular/skeletal applications, ornamental/turf, skin applications","entire plant, flowers"
4042,"animal food (feed), environmental, fuels, material","charcoal, erosion control, firebreaks, fuelwood, honey, living fence, manure/fertilizer, minerals, nitrogen fixation, ornamental/turf, revegetation, vitamins","bark, entire plant, flowers, leaves, roots"
4053,"environmental, material","dye/tannin, shade & shelter, timber wood","bark, entire plant, stems"
4054,"environmental, fuels, material","charcoal, dye/tannin, fuelwood, ornamental/turf, shade & shelter, timber wood, windbreak","bark, entire plant, stems"
4055,"environmental, material","shade & shelter, timber wood","bark, entire plant"
4056,material,timber wood,bark
4057,fuels,fuelwood,bark
4058,"environmental, fuels","fuelwood, ornamental/turf","bark, entire plant"
4059,fuels,fuelwood,bark
4061,"food additive, material, medicinal","condiment/seasoning, digestive system applications, dye/tannin, skin applications",flowers
4073,material,timber wood,bark
4074,"animal food (feed), environmental, material, medicinal","lipids, lipids/oil & fats, minerals, shade & shelter, timber wood, Unspecified, vitamins, windbreak","bark, entire plant, exudates, fruits, seeds"
4075,material,"gums/resins, timber wood","bark, stems"
4076,"fuels, material, medicinal","non-wood fuel, timber wood, Unspecified","bark, stems, Unspecified"
4079,"animal food (feed), environmental, fuels, material, medicinal, poison","charcoal, dental applications, digestive system applications, dye/tannin, erosion control, indicators, mammals, manure/fertilizer, minerals, protein, sensory applications, skin applications, virus (or virus like)","bark, entire plant, flowers, fruits, leaves, stems"
4081,"environmental, food & beverage, medicinal, poison, social","digestive system applications, mammals, ornamental/turf, smoking material, vitamins","entire plant, flowers, leaves"
4089,"food & beverage, material","lipids/oil & fats, minerals",leaves
4090,"food & beverage, material","lipids/oil & fats, minerals",leaves
4094,food & beverage,"minerals, vitamins",roots
411,"environmental, food & beverage, medicinal, poison","agroforestry, blood system applications, digestive system applications, fish, minerals, mites/arachnids, molluscs, muscular/skeletal applications, nervous system applications, respiratory applications, skin applications, vitamins","entire plant, flowers, fruits, leaves, roots, seeds, stems"
4111,"environmental, food & beverage, fuels, material","charcoal, cosmetics & perfumery, essential oils, fuelwood, gums/resins, minerals, non-wood fuel, ornamental/turf, protein, shade & shelter, timber wood, vitamins","bark, entire plant, exudates, fruits, seeds"
412,"food & beverage, material, medicinal, poison","dye/tannin, fibres, insects, mammals, minerals, Unspecified, vitamins","bark, fruits, leaves, seeds"
4127,"animal food (feed), environmental, material, medicinal","digestive system applications, fibres, lipids/oil & fats, nervous system applications, protein, sensory applications, shade & shelter","bark, entire plant, exudates, flowers, seeds"
414,"environmental, food & beverage, material, medicinal, poison","agroforestry, blood system applications, cosmetics & perfumery, digestive system applications, fibres, fish, genitourinary system applications, immune system applications, insects, lipids/oil & fats, mammals, minerals, mites/arachnids, muscular/skeletal applications, nervous system applications, skin applications, vitamins","entire plant, fruits, leaves, roots, seeds, stems"
4145,"food & beverage, material","minerals, timber wood, vitamins","bark, fruits, roots"
4159,"environmental, food & beverage, food additive, material, medicinal","blood system applications, condiment/seasoning, cosmetics & perfumery, digestive system applications, genitourinary system applications, minerals, muscular/skeletal applications, nervous system applications, nutritional applications, ornamental/turf, respiratory applications, sensory applications, skin applications, vitamins","entire plant, flowers, leaves, roots, seeds"
4161,"animal food (feed), environmental, food & beverage, medicinal, poison","genitourinary system applications, living fence, mammals, minerals, respiratory applications, sensory applications, vitamins","entire plant, fruits, leaves, roots"
4164,"animal food (feed), material, medicinal","blood system applications, cosmetics & perfumery, genitourinary system applications, minerals, skin applications",entire plant
4177,food additive,condiment/seasoning,fruits
4178,food additive,condiment/seasoning,fruits
418,"environmental, fuels, material","agroforestry, fuelwood, ornamental/turf, shade & shelter, timber wood","bark, entire plant"
4183,food additive,condiment/seasoning,fruits
4185,"animal food (feed), environmental","erosion control, minerals, nitrogen fixation, shade & shelter, vitamins","entire plant, roots"
4186,"animal food (feed), environmental","erosion control, minerals, nitrogen fixation, shade & shelter, vitamins","entire plant, roots"
4187,"animal food (feed), environmental","erosion control, minerals, nitrogen fixation, shade & shelter, vitamins","entire plant, roots"
4189,material,timber wood,bark
4198,"environmental, material, medicinal, poison","dye/tannin, immune system applications, insects, lipids/oil & fats, ornamental/turf, paper, skin applications, soil improvers, timber wood","bark, entire plant, fruits, leaves, seeds, stems"
4214,material,timber wood,bark
4218,"environmental, food & beverage, medicinal","blood system applications, digestive system applications, minerals, ornamental/turf, skin applications, vitamins","entire plant, fruits"
4221,material,timber wood,bark
4223,"environmental, food & beverage, medicinal, poison","insects, living fence, minerals, Unspecified, vitamins","entire plant, fruits, leaves, roots"
4225,"animal food (feed), environmental, food & beverage, fuels, medicinal","dental applications, digestive system applications, endocrine system applications, fuelwood, genitourinary system applications, living fence, minerals, ornamental/turf, respiratory applications, sensory applications, vitamins","bark, entire plant, fruits, leaves, roots, stems"
4229,"environmental, food & beverage","living fence, minerals, ornamental/turf, vitamins","entire plant, fruits"
4233,material,fibres,leaves
4238,"animal food (feed), environmental, fuels, material, medicinal","blood system applications, charcoal, fuelwood, living fence, ornamental/turf, timber wood, vitamins","bark, entire plant, leaves"
4256,"food & beverage, food additive, material, medicinal, poison","bacteria, blood system applications, condiment/seasoning, cosmetics & perfumery, digestive system applications, essential oils, genitourinary system applications, immune system applications, minerals, muscular/skeletal applications, nervous system applications, protein, respiratory applications","bark, seeds"
42642,animal food (feed),"minerals, protein","fruits, leaves"
42696,"food & beverage, fuels, material, medicinal","digestive system applications, dye/tannin, fuelwood, genitourinary system applications, honey, respiratory applications, sensory applications, skin applications, timber wood, Unspecified","bark, flowers, fruits, roots, sap, stems"
42707,"environmental, material, medicinal","dye/tannin, ornamental/turf, timber wood, Unspecified","bark, entire plant, stems"
4271,"food & beverage, material","lipids/oil & fats, minerals, protein, timber wood, vitamins","bark, fruits, seeds"
4273,"environmental, food & beverage, fuels, material, medicinal","charcoal, lipids/oil & fats, minerals, protein, shade & shelter, Unspecified, vitamins","bark, entire plant, fruits, seeds, stems"
42760,"environmental, material, medicinal","digestive system applications, ornamental/turf, timber wood","bark, entire plant, roots, stems"
4278,"food & beverage, food additive, material","fibres, minerals, sweetener, timber wood, vitamins","bark, fruits, seeds, Unspecified"
4280,medicinal,digestive system applications,"fruits, leaves"
4281,"animal food (feed), environmental, food & beverage, material, medicinal, non-vertebrate food","dye/tannin, erosion control, fibres, manure/fertilizer, minerals, ornamental/turf, revegetation, Unspecified, vitamins","entire plant, flowers, fruits, leaves, roots, seeds, stems"
4283,"environmental, fuels, material","fuelwood, ornamental/turf, shade & shelter, timber wood","bark, entire plant"
4296,animal food (feed),"minerals, vitamins",entire plant
4298,animal food (feed),"minerals, vitamins",leaves
4299,"environmental, fuels, material, poison","agroforestry, dye/tannin, fuelwood, living fence, mammals, ornamental/turf, revegetation, shade & shelter, timber wood","bark, entire plant, fruits, leaves, seeds, stems"
4305,"animal food (feed), environmental, food & beverage, fuels, medicinal","agroforestry, digestive system applications, erosion control, fuelwood, immune system applications, minerals, protein, vitamins","bark, entire plant, flowers, fruits, leaves"
431,"food & beverage, material, medicinal","digestive system applications, essential oils, metabolic system applications, nutritional applications, vitamins","leaves, roots, seeds"
4312,"environmental, food & beverage, material","lipids, minerals, ornamental/turf, timber wood, vitamins","bark, entire plant, seeds"
4313,"food & beverage, material","dye/tannin, lipids, minerals, timber wood, vitamins","bark, seeds, stems"
4314,"food & beverage, material, non-vertebrate food","dye/tannin, lipids, minerals, timber wood, vitamins","bark, leaves, seeds, stems"
4315,"environmental, food & beverage, medicinal","lipids, minerals, shade & shelter, Unspecified, vitamins","entire plant, roots, seeds"
432,"food & beverage, food additive, material","condiment/seasoning, essential oils, minerals, vitamins","fruits, leaves, seeds"
4335,"environmental, fuels","fuelwood, shade & shelter","bark, entire plant"
4336,"environmental, fuels, material","fuelwood, ornamental/turf, shade & shelter, timber wood","bark, entire plant"
4337,"animal food (feed), environmental, fuels, material","agroforestry, dye/tannin, erosion control, fuelwood, minerals, nitrogen fixation, ornamental/turf, shade & shelter, timber wood, vitamins, windbreak","bark, entire plant, leaves, roots"
4338,"environmental, fuels, material","fuelwood, nitrogen fixation, ornamental/turf, shade & shelter, timber wood","bark, entire plant, roots"
4339,"environmental, fuels, material","fuelwood, shade & shelter, timber wood","bark, entire plant"
4340,"fuels, material","fuelwood, timber wood",bark
4341,"environmental, food & beverage, fuels, material","agroforestry, charcoal, dye/tannin, erosion control, fibres, fuelwood, minerals, nitrogen fixation, ornamental/turf, revegetation, shade & shelter, timber wood, vitamins, windbreak","bark, entire plant, leaves, roots, stems"
4342,"environmental, fuels","fuelwood, shade & shelter","bark, entire plant"
4343,"animal food (feed), environmental, fuels, material","agroforestry, charcoal, fuelwood, living fence, minerals, nitrogen fixation, ornamental/turf, paper, pioneer, revegetation, shade & shelter, timber wood, vitamins","bark, entire plant, leaves, roots"
4344,"environmental, fuels, material","charcoal, fuelwood, ornamental/turf, timber wood, windbreak","bark, entire plant"
4345,environmental,shade & shelter,entire plant
4346,"environmental, fuels, material","dye/tannin, fuelwood, nitrogen fixation, shade & shelter","bark, entire plant, roots, stems"
4347,"animal food (feed), environmental, material","minerals, ornamental/turf, shade & shelter, timber wood",Unspecified
4348,"fuels, material","fuelwood, timber wood",bark
4349,"environmental, medicinal, poison","immune system applications, mammals, nervous system applications, ornamental/turf","entire plant, fruits, roots, stems"
4352,"environmental, material","ornamental/turf, timber wood","bark, entire plant"
4363,"environmental, material","ornamental/turf, timber wood","bark, entire plant"
4387,animal food (feed),"minerals, vitamins",entire plant
4393,"animal food (feed), environmental","erosion control, minerals, vitamins",entire plant
4395,animal food (feed),"minerals, vitamins",entire plant
4398,"environmental, food & beverage, medicinal","digestive system applications, immune system applications, muscular/skeletal applications, ornamental/turf, respiratory applications, vitamins","entire plant, flowers, seedlings"
43996,"animal food (feed), environmental","manure/fertilizer, protein, vitamins",entire plant
4400,"material, medicinal","digestive system applications, dye/tannin, immune system applications, skin applications","flowers, roots"
44088,"animal food (feed), fuels, material, medicinal","digestive system applications, fuelwood, genitourinary system applications, minerals, protein, respiratory applications, timber wood, vitamins","bark, fruits, leaves, roots"
4409,animal food (feed),"minerals, vitamins",entire plant
4410,"animal food (feed), environmental","cover crop, minerals, vitamins",entire plant
44104,"animal food (feed), environmental, fuels, poison","erosion control, fuelwood, living fence, mammals, minerals, mulch, nitrogen fixation, ornamental/turf, protein, vitamins","bark, entire plant, leaves, roots"
4411,animal food (feed),"minerals, vitamins",entire plant
4413,animal food (feed),"minerals, vitamins",entire plant
4414,food & beverage,"minerals, vitamins",roots
4426,"animal food (feed), environmental, food & beverage, food additive, fuels, material, medicinal","agroforestry, charcoal, condiment/seasoning, cosmetics & perfumery, digestive system applications, dye/tannin, emulsifier, fuelwood, gums/resins, minerals, ornamental/turf, paper, protein, shade & shelter, skin applications, stabiliser, timber wood, vitamins","bark, entire plant, fruits, seeds"
44268,animal food (feed),"protein, vitamins",entire plant
4427,"environmental, material","ornamental/turf, timber wood","bark, entire plant"
443,"environmental, food & beverage, material","minerals, ornamental/turf, protein, timber wood","bark, entire plant, seeds"
4434,"fuels, material, medicinal","charcoal, dye/tannin, fuelwood, timber wood, Unspecified",bark
4435,"food & beverage, fuels, material, medicinal","charcoal, dye/tannin, fuelwood, minerals, timber wood, Unspecified, vitamins","bark, fruits, leaves, seeds, stems"
4465,food & beverage,"minerals, vitamins",flowers
4466,"environmental, food & beverage","minerals, ornamental/turf, vitamins","entire plant, flowers"
4469,"environmental, material","erosion control, fibres, ornamental/turf","entire plant, leaves"
4479,"environmental, medicinal, poison","blood system applications, digestive system applications, mammals, ornamental/turf","entire plant, leaves"
4480,"medicinal, poison","digestive system applications, endocrine system applications, immune system applications, mammals, muscular/skeletal applications, nervous system applications, respiratory applications, skin applications",entire plant
4481,"animal food (feed), food & beverage, material, medicinal, poison","dye/tannin, mammals, minerals, Unspecified, vitamins","entire plant, leaves, seeds, Unspecified"
4483,material,lipids/oil & fats,seeds
4485,"food & beverage, medicinal","digestive system applications, skin applications, vitamins","entire plant, flowers, leaves"
44868,"environmental, fuels, material","agroforestry, charcoal, essential oils, fuelwood, manure/fertilizer, ornamental/turf, shade & shelter, timber wood, windbreak","bark, entire plant, leaves, seeds"
449,"environmental, food & beverage, food additive, medicinal","agroforestry, condiment/seasoning, minerals, ornamental/turf, Unspecified","entire plant, seeds"
4494,"animal food (feed), environmental, food & beverage","minerals, protein, soil improvers, vitamins","bark, entire plant, fruits, seeds"
4509,"food & beverage, material, medicinal, poison","digestive system applications, fibres, genitourinary system applications, immune system applications, lipids, lipids/oil & fats, mammals, muscular/skeletal applications, nervous system applications, skin applications, vitamins","leaves, roots"
4510,"material, medicinal","timber wood, Unspecified","bark, leaves, stems"
4516,material,timber wood,bark
45195,"animal food (feed), environmental, fuels, material, medicinal","agroforestry, charcoal, digestive system applications, dye/tannin, erosion control, fuelwood, minerals, ornamental/turf, respiratory applications, sensory applications, shade & shelter, timber wood, vitamins, windbreak","bark, entire plant, leaves, roots, stems"
4523,poison,insects,flowers
4524,"environmental, food & beverage, medicinal","agroforestry, minerals, ornamental/turf, Unspecified, vitamins","entire plant, flowers, leaves, seedlings"
4528,"environmental, food & beverage, medicinal","immune system applications, minerals, muscular/skeletal applications, ornamental/turf, respiratory applications, skin applications, vitamins","entire plant, flowers, seedlings"
45286,"environmental, food & beverage, fuels, material, medicinal, poison","charcoal, digestive system applications, essential oils, fuelwood, genitourinary system applications, lipids/oil & fats, mammals, minerals, muscular/skeletal applications, ornamental/turf, respiratory applications, sensory applications, vitamins","bark, entire plant, flowers, leaves, roots, seeds, stems"
4531,"food additive, material, medicinal","aromatics, blood system applications, condiment/seasoning, cosmetics & perfumery, digestive system applications, nervous system applications, skin applications","entire plant, flowers, leaves, shoots"
4538,"food & beverage, material","minerals, timber wood, vitamins","bark, fruits"
4544,animal food (feed),"minerals, vitamins",entire plant
4548,"fuels, material, medicinal","dye/tannin, fuelwood, gums/resins, timber wood, Unspecified","bark, flowers, leaves, stems"
45598,"environmental, fuels, medicinal","charcoal, fuelwood, immune system applications, ornamental/turf","bark, entire plant, leaves, roots"
4563,"environmental, material, medicinal","agroforestry, blood system applications, dye/tannin, immune system applications, nervous system applications","entire plant, stems"
4564,"environmental, material, poison","agroforestry, dye/tannin, Unspecified","entire plant, stems"
4565,"environmental, material, medicinal, poison","agroforestry, dye/tannin, immune system applications, Unspecified","entire plant, stems"
4567,"food additive, material","condiment/seasoning, essential oils",stems
4568,"food additive, material, medicinal","condiment/seasoning, cosmetics & perfumery, essential oils, immune system applications, nervous system applications","fruits, stems"
4570,"food additive, material, medicinal","condiment/seasoning, essential oils, Unspecified","stems, Unspecified, unspecified part"
45894,"animal food (feed), environmental, food & beverage, material, medicinal, non-vertebrate food, poison","blood system applications, digestive system applications, dye/tannin, fibres, genitourinary system applications, gums/resins, immune system applications, insects, lipids/oil & fats, living fence, minerals, muscular/skeletal applications, ornamental/turf, protein, sensory applications, shade & shelter, timber wood, vitamins","bark, entire plant, fruits, leaves, seeds, stems"
459,"animal food (feed), environmental, food & beverage, food additive, fuels, material, medicinal","agroforestry, condiment/seasoning, digestive system applications, dye/tannin, fuelwood, latex/rubber, minerals, nervous system applications, nutritional applications, protein, shade & shelter, skin applications, timber wood, vitamins","bark, entire plant, exudates, fruits, leaves, roots, seeds, stems"
4617,"environmental, food & beverage, food additive, material, medicinal","condiment/seasoning, cosmetics & perfumery, digestive system applications, minerals, nervous system applications, ornamental/turf, respiratory applications, skin applications, vitamins","entire plant, fruits, leaves"
4618,"environmental, food & beverage, food additive, fuels, material, medicinal, poison","blood system applications, condiment/seasoning, digestive system applications, endocrine system applications, erosion control, genitourinary system applications, insects, lipids, lipids/oil & fats, mammals, minerals, muscular/skeletal applications, non-wood fuel, protein","entire plant, fruits, leaves, roots, seeds"
4626,food & beverage,"minerals, vitamins",fruits
4631,food & beverage,"minerals, vitamins",fruits
4635,"environmental, food & beverage, food additive, material","agroforestry, condiment/seasoning, honey, minerals, vitamins","entire plant, flowers, fruits"
4646,food & beverage,"minerals, vitamins",fruits
465,"animal food (feed), food & beverage, material, medicinal","canes, digestive system applications, minerals, respiratory applications, starch","bark, leaves, roots"
4659,"environmental, food & beverage, medicinal","digestive system applications, living fence, minerals, respiratory applications, skin applications, vitamins","entire plant, fruits, leaves, roots"
4665,animal food (feed),"minerals, vitamins",entire plant
4666,animal food (feed),"minerals, vitamins",entire plant
4667,material,timber wood,bark
46753,"animal food (feed), environmental, food & beverage, fuels, material, medicinal","agroforestry, charcoal, digestive system applications, dye/tannin, fuelwood, gums/resins, living fence, manure/fertilizer, minerals, mulch, muscular/skeletal applications, nitrogen fixation, protein, respiratory applications, sensory applications, shade & shelter, timber wood, vitamins","bark, entire plant, fruits, leaves, roots, seeds, stems"
4676,"environmental, medicinal, poison","mammals, ornamental/turf, sensory applications, skin applications","entire plant, leaves"
468,"food & beverage, medicinal","blood system applications, digestive system applications, endocrine system applications, protein, vitamins","bark, roots"
4693,animal food (feed),"minerals, vitamins",entire plant
4698,"animal food (feed), environmental, material","cover crop, erosion control, honey, minerals, nitrogen fixation, vitamins","entire plant, flowers, roots"
4700,"food additive, medicinal","blood system applications, condiment/seasoning, digestive system applications, muscular/skeletal applications, respiratory applications, skin applications",bark
4704,"animal food (feed), environmental, food & beverage, medicinal, non-vertebrate food, poison","birds, blood system applications, digestive system applications, immune system applications, living fence, mammals, minerals, muscular/skeletal applications, ornamental/turf, protein, respiratory applications, sensory applications, vitamins","entire plant, leaves"
47120,"animal food (feed), environmental, fuels, material, medicinal","charcoal, digestive system applications, dye/tannin, fuelwood, honey, manure/fertilizer, minerals, mulch, sensory applications, skin applications, vitamins","bark, flowers, leaves, roots, stems"
47139,"animal food (feed), environmental, food & beverage, fuels, material, medicinal","charcoal, fuelwood, manure/fertilizer, minerals, sensory applications, timber wood, vitamins","bark, exudates, fruits, leaves, Unspecified"
4730,"material, medicinal","gums/resins, Unspecified",Unspecified
4744,"environmental, food & beverage, material","agroforestry, lipids/oil & fats, minerals, protein, vitamins","entire plant, fruits, seeds"
4755,"environmental, food & beverage, material, medicinal","agroforestry, digestive system applications, lipids/oil & fats, minerals, nervous system applications, protein, sensory applications, vitamins","entire plant, fruits, seeds"
4759,"environmental, material, medicinal, poison","digestive system applications, dye/tannin, gums/resins, immune system applications, mammals, ornamental/turf, sensory applications, skin applications, waxes","bark, entire plant, flowers, seeds"
4768,food & beverage,"minerals, vitamins",roots
4772,food & beverage,"minerals, vitamins","leaves, roots"
4779,"animal food (feed), environmental, food & beverage, fuels, material, medicinal","agroforestry, charcoal, digestive system applications, fibres, fuelwood, gums/resins, manure/fertilizer, minerals, nitrogen fixation, revegetation, sensory applications, shade & shelter, timber wood, vitamins","bark, entire plant, fruits, leaves, roots, stems"
478,"animal food (feed), environmental, material","erosion control, honey, minerals, vitamins","entire plant, fruits"
4780,"animal food (feed), medicinal","digestive system applications, genitourinary system applications, minerals, sensory applications, vitamins","bark, leaves, roots"
4782,"environmental, fuels, material, medicinal","agroforestry, charcoal, fibres, fuelwood, Unspecified","bark, entire plant, Unspecified"
4804,"animal food (feed), environmental, food & beverage, food additive, medicinal","condiment/seasoning, dental applications, living fence, minerals, vitamins","entire plant, fruits, leaves, roots, stems"
481,"animal food (feed), food & beverage, fuels, material, medicinal","cosmetics & perfumery, digestive system applications, minerals, muscular/skeletal applications, nervous system applications, non-wood fuel, protein, skin applications, starch","bark, leaves, seeds"
4815,"medicinal, poison","mammals, muscular/skeletal applications, nervous system applications, sensory applications","entire plant, leaves"
4816,"fuels, material, medicinal","dye/tannin, fuelwood, timber wood, Unspecified","bark, leaves, stems"
4817,"animal food (feed), environmental, fuels, material, poison","charcoal, fish, fuelwood, minerals, shade & shelter, timber wood, vitamins","bark, entire plant, leaves"
482,"environmental, food & beverage, food additive, fuels, material, medicinal","agroforestry, condiment/seasoning, dye/tannin, fuelwood, minerals, Unspecified, vitamins","bark, entire plant, flowers, fruits, leaves"
4824,"environmental, material, medicinal, poison","blood system applications, cosmetics & perfumery, digestive system applications, immune system applications, mammals, nervous system applications, ornamental/turf","entire plant, flowers, leaves, roots"
4825,medicinal,"digestive system applications, endocrine system applications",leaves
483,"food & beverage, material, medicinal","blood system applications, digestive system applications, genitourinary system applications, immune system applications, minerals, nervous system applications, sensory applications, skin applications, timber wood, vitamins","bark, flowers, fruits, leaves, seeds"
4837,"fuels, material","petroleum substitutes/alcohol, timber wood","bark, exudates"
4849,material,fibres,bark
485,"animal food (feed), environmental","erosion control, minerals, ornamental/turf, vitamins",entire plant
4854,"animal food (feed), food & beverage, fuels, material, poison","dye/tannin, fuelwood, insects, minerals, protein, vitamins","bark, entire plant, leaves, seeds"
4855,"animal food (feed), environmental, food & beverage, fuels, material, medicinal","fuelwood, honey, minerals, mulch, muscular/skeletal applications, ornamental/turf, shade & shelter, timber wood, vitamins","bark, entire plant, flowers, fruits, leaves, stems"
4873,"environmental, food & beverage","minerals, ornamental/turf, vitamins","entire plant, fruits"
48742,"animal food (feed), food & beverage, food additive, fuels","alcohol, minerals, petroleum substitutes/alcohol, starch, sugar, sweetener","leaves, roots"
48747,"animal food (feed), food & beverage, fuels, medicinal","alcohol, blood system applications, digestive system applications, minerals, non-wood fuel, petroleum substitutes/alcohol, starch","bark, flowers, leaves, seeds"
4880,"food & beverage, material, medicinal","blood system applications, dye/tannin, immune system applications, lipids/oil & fats, minerals, nutritional applications, timber wood, vitamins","bark, fruits, leaves, seeds, stems"
4884,"animal food (feed), environmental, material","erosion control, honey, minerals, pioneer, revegetation, vitamins","entire plant, flowers, leaves"
4893,food & beverage,"minerals, protein, vitamins",seeds
4899,food & beverage,"minerals, protein, vitamins",seeds
4912,material,timber wood,bark
4913,material,timber wood,bark
4914,material,timber wood,bark
4916,"food & beverage, fuels, material","charcoal, lipids, minerals, protein, timber wood","bark, seeds"
49167,"animal food (feed), environmental","erosion control, minerals, vitamins",entire plant
49181,"animal food (feed), environmental, food & beverage, fuels, material, medicinal","dye/tannin, fuelwood, lipids, lipids/oil & fats, metabolic system applications, minerals, ornamental/turf, protein, respiratory applications, sensory applications, timber wood, vitamins","bark, entire plant, fruits, leaves"
49188,medicinal,"blood system applications, digestive system applications, genitourinary system applications, nervous system applications, respiratory applications, skin applications","flowers, leaves"
49189,"food additive, medicinal","condiment/seasoning, digestive system applications, nervous system applications, respiratory applications",entire plant
49210,medicinal,"blood system applications, respiratory applications",flowers
49211,"environmental, food & beverage, material, medicinal","digestive system applications, essential oils, ornamental/turf, respiratory applications, skin applications, vitamins","entire plant, flowers, fruits, leaves"
49212,"food additive, material, medicinal","condiment/seasoning, dye/tannin, muscular/skeletal applications, respiratory applications, skin applications",leaves
4922,"animal food (feed), fuels, material","lipids/oil & fats, minerals, petroleum substitutes/alcohol, vitamins","entire plant, seeds"
4923,environmental,ornamental/turf,entire plant
4926,"food & beverage, medicinal","minerals, nutritional applications, vitamins","bark, leaves"
493,"environmental, food & beverage, material","agroforestry, canes, erosion control, fibres, minerals, shade & shelter, vitamins","bark, bulbs, entire plant"
4935,"environmental, food & beverage, material","dye/tannin, living fence, ornamental/turf, shade & shelter, timber wood, vitamins","bark, entire plant, flowers, fruits, stems"
4959,"food & beverage, material, medicinal","blood system applications, cosmetics & perfumery, digestive system applications, minerals, nervous system applications, vitamins",leaves
4962,"food additive, material, medicinal","colorant, condiment/seasoning, digestive system applications, dye/tannin, muscular/skeletal applications, nervous system applications",flowers
4967,"animal food (feed), environmental, material","erosion control, gums/resins, minerals, vitamins","entire plant, Unspecified"
4975,"animal food (feed), environmental","erosion control, minerals, vitamins",entire plant
4982,"environmental, material, poison","erosion control, fibres, mammals, manure/fertilizer, ornamental/turf","entire plant, leaves"
4992,material,timber wood,entire plant
4996,"environmental, material","ornamental/turf, shade & shelter, timber wood","bark, entire plant"
49976,"medicinal, poison","digestive system applications, mammals, skin applications","leaves, roots"
49977,"material, medicinal","digestive system applications, dye/tannin",roots
49978,medicinal,"blood system applications, nervous system applications, skin applications",leaves
49979,"environmental, material, medicinal","cosmetics & perfumery, endocrine system applications, ornamental/turf, respiratory applications, skin applications","entire plant, leaves"
49980,"material, medicinal, poison","digestive system applications, dye/tannin, immune system applications, mammals","fruits, leaves, roots"
49981,"medicinal, poison","dicot., digestive system applications, sensory applications","entire plant, flowers, leaves"
49982,"environmental, medicinal","digestive system applications, ornamental/turf, sensory applications, skin applications","entire plant, leaves"
49984,"environmental, food & beverage, medicinal","digestive system applications, genitourinary system applications, ornamental/turf, vitamins","entire plant, flowers"
49985,"food & beverage, food additive, medicinal","condiment/seasoning, digestive system applications, endocrine system applications, respiratory applications, sensory applications, skin applications, vitamins","entire plant, flowers, roots"
49986,medicinal,"digestive system applications, respiratory applications",entire plant
49987,"food & beverage, medicinal","digestive system applications, immune system applications, minerals, respiratory applications, skin applications",entire plant
49988,"medicinal, poison","blood system applications, genitourinary system applications, mammals, muscular/skeletal applications, nervous system applications, respiratory applications, sensory applications","entire plant, roots"
4999,"food & beverage, food additive, medicinal","condiment/seasoning, genitourinary system applications, immune system applications, Unspecified","bark, entire plant, leaves, roots, seeds"
50038,"environmental, material, medicinal","blood system applications, cosmetics & perfumery, dye/tannin, immune system applications, lipids/oil & fats, ornamental/turf, timber wood","bark, entire plant, leaves, seeds, stems, Unspecified"
50039,"environmental, material, medicinal, poison","digestive system applications, endocrine system applications, mammals, ornamental/turf, timber wood","bark, entire plant, leaves"
50040,"medicinal, poison","digestive system applications, mammals, nervous system applications",entire plant
50041,"environmental, medicinal","endocrine system applications, ornamental/turf, respiratory applications, skin applications",entire plant
50042,"environmental, material, medicinal, poison","digestive system applications, dye/tannin, mammals, metabolic system applications, ornamental/turf, respiratory applications","entire plant, leaves, roots"
50043,"environmental, medicinal","blood system applications, genitourinary system applications, ornamental/turf","entire plant, leaves"
50044,medicinal,digestive system applications,"entire plant, roots"
50045,"food & beverage, medicinal","digestive system applications, immune system applications, metabolic system applications, sensory applications, vitamins","entire plant, shoots"
50047,"food additive, medicinal","condiment/seasoning, digestive system applications, endocrine system applications, immune system applications",entire plant
50048,medicinal,"digestive system applications, metabolic system applications, muscular/skeletal applications, skin applications",leaves
5008,food & beverage,"minerals, vitamins",fruits
501,"environmental, food & beverage, fuels, material, medicinal, poison","blood system applications, digestive system applications, dye/tannin, fibres, fish, fuelwood, immune system applications, insects, mammals, minerals, ornamental/turf, respiratory applications, starch, vitamins","bark, entire plant, fruits, leaves, seeds, stems"
5012,"animal food (feed), environmental, food & beverage, material","lipids, lipids/oil & fats, living fence, minerals, ornamental/turf, pollution control, protein, vitamins","bark, entire plant, flowers, fruits, leaves, seeds"
5030,"animal food (feed), food & beverage, food additive, medicinal","condiment/seasoning, lipids, minerals, protein, sensory applications, skin applications, vitamins","bark, flowers, fruits, seeds"
5032,"environmental, food & beverage, material","lipids/oil & fats, minerals, ornamental/turf, protein, vitamins","bulbs, entire plant, flowers, fruits, leaves, seeds"
5033,"animal food (feed), environmental, food & beverage, fuels, material","erosion control, lipids/oil & fats, minerals, non-wood fuel, other material/chemicals, protein, vitamins","bark, entire plant, flowers, roots, seeds"
5035,"environmental, food & beverage, material","agroforestry, lipids/oil & fats, minerals, protein, vitamins","entire plant, fruits, seeds"
504,food & beverage,"minerals, vitamins","bark, leaves"
5042,food & beverage,"minerals, vitamins",fruits
5043,"environmental, food additive, material, medicinal","agroforestry, condiment/seasoning, cosmetics & perfumery, digestive system applications, immune system applications, lipids/oil & fats, muscular/skeletal applications, nervous system applications","entire plant, seeds"
5044,"environmental, material","shade & shelter, timber wood","bark, entire plant"
5046,"environmental, fuels","fuelwood, shade & shelter","bark, entire plant"
50471,"environmental, medicinal, poison","mammals, muscular/skeletal applications, nervous system applications, ornamental/turf","entire plant, flowers, roots, seeds"
50472,"food additive, medicinal","condiment/seasoning, digestive system applications, respiratory applications, skin applications",roots
5048,"environmental, fuels, material","fuelwood, living fence, ornamental/turf, shade & shelter, timber wood, windbreak","bark, entire plant"
5049,environmental,"erosion control, ornamental/turf, shade & shelter, windbreak",entire plant
505,"environmental, food & beverage","minerals, ornamental/turf, vitamins","bark, entire plant, leaves"
5050,"material, medicinal","blood system applications, digestive system applications, immune system applications, muscular/skeletal applications, skin applications, timber wood","bark, fruits"
5053,"environmental, material","shade & shelter, timber wood","bark, entire plant"
5066,"food & beverage, food additive, material","condiment/seasoning, essential oils, gums/resins, minerals, starch, vitamins","buds, leaves"
5071,medicinal,"blood system applications, digestive system applications, endocrine system applications, metabolic system applications",entire plant
508,"animal food (feed), environmental, food & beverage, fuels, material, medicinal","digestive system applications, dye/tannin, fibres, fuelwood, gums/resins, lipids/oil & fats, minerals, ornamental/turf, skin applications, vitamins","bark, entire plant, flowers, leaves, seeds, stems"
5101,environmental,shade & shelter,entire plant
5117,"food & beverage, food additive, material, medicinal","digestive system applications, emulsifier, gums/resins, minerals, stabiliser, vitamins","fruits, seeds"
5123,"environmental, material","agroforestry, essential oils","entire plant, flowers"
5124,"environmental, material","agroforestry, essential oils","entire plant, leaves"
5125,"environmental, material","agroforestry, essential oils","entire plant, flowers"
5126,"environmental, material","agroforestry, essential oils","entire plant, leaves"
513,"food & beverage, material","lipids/oil & fats, minerals, protein, vitamins, waxes","flowers, fruits, leaves, seeds"
5138,"animal food (feed), environmental, food & beverage, fuels, material, medicinal","digestive system applications, fibres, manure/fertilizer, minerals, non-wood fuel, ornamental/turf, protein, vitamins","bark, entire plant, flowers, fruits, leaves"
514,"animal food (feed), food & beverage, medicinal","minerals, Unspecified, vitamins","leaves, roots"
5143,animal food (feed),"minerals, vitamins",entire plant
5144,animal food (feed),"minerals, vitamins",entire plant
5147,medicinal,"muscular/skeletal applications, nervous system applications, skin applications",roots
5148,"environmental, food & beverage","minerals, ornamental/turf, vitamins","entire plant, fruits"
5158,"animal food (feed), food & beverage, material","gums/resins, lipids/oil & fats, minerals, vitamins","roots, Unspecified"
5163,"environmental, food & beverage, food additive, material, medicinal","condiment/seasoning, cosmetics & perfumery, digestive system applications, fibres, ornamental/turf, Unspecified","bark, entire plant, leaves, roots"
517,"environmental, food & beverage, medicinal","blood system applications, endocrine system applications, genitourinary system applications, immune system applications, minerals, ornamental/turf, respiratory applications, vitamins","entire plant, leaves"
5175,"animal food (feed), environmental","minerals, ornamental/turf, protein, vitamins",entire plant
5179,material,timber wood,bark
5181,"animal food (feed), environmental, food & beverage, material, medicinal","agroforestry, blood system applications, digestive system applications, dye/tannin, essential oils, genitourinary system applications, gums/resins, immune system applications, lipids/oil & fats, minerals, ornamental/turf, protein, shade & shelter, skin applications, timber wood, vitamins","bark, entire plant, fruits, leaves, seeds, stems"
5184,"animal food (feed), environmental","erosion control, minerals, ornamental/turf, vitamins",entire plant
5185,animal food (feed),"minerals, vitamins",entire plant
5186,"animal food (feed), environmental","minerals, pioneer, vitamins",entire plant
5190,"environmental, material","shade & shelter, timber wood","bark, entire plant"
5192,"animal food (feed), environmental, fuels, material","agroforestry, charcoal, erosion control, fuelwood, minerals, nitrogen fixation, pioneer, shade & shelter, timber wood, vitamins","bark, bulbs, entire plant, leaves, roots"
5199,"environmental, medicinal, poison","digestive system applications, mammals, muscular/skeletal applications, ornamental/turf, skin applications","entire plant, stems"
520,"environmental, food additive, material, medicinal","agroforestry, blood system applications, colorant, condiment/seasoning, digestive system applications, dye/tannin, fibres, genitourinary system applications, gums/resins, immune system applications, nervous system applications, nutritional applications, ornamental/turf, respiratory applications, skin applications, timber wood","bark, bulbs, entire plant, exudates, flowers, fruits, leaves, roots, seeds, stems"
5232,"food & beverage, material","canes, minerals, vitamins","bark, bulbs"
5233,"food & beverage, material","canes, fibres, minerals, vitamins","bark, bulbs"
5235,"food & beverage, material","canes, fibres, minerals, vitamins","bark, bulbs"
5236,"environmental, food & beverage, fuels, material","canes, erosion control, minerals, non-wood fuel, paper, shade & shelter, vitamins","bark, bulbs, entire plant"
5238,"food & beverage, material","canes, fibres, minerals, vitamins","bark, bulbs"
5244,"animal food (feed), environmental, fuels","erosion control, fuelwood, minerals, nitrogen fixation, vitamins, windbreak","bark, entire plant, leaves, roots"
5250,"animal food (feed), environmental, fuels, material, medicinal, poison","dicot., erosion control, fibres, fuelwood, insects, lipids/oil & fats, manure/fertilizer, minerals, non-wood fuel, ornamental/turf, shade & shelter, timber wood, Unspecified, vitamins","bark, entire plant, leaves, seeds, stems"
5251,poison,insects,roots
5258,"animal food (feed), environmental","cover crop, manure/fertilizer, minerals, vitamins",entire plant
5260,"animal food (feed), environmental","erosion control, manure/fertilizer, protein, vitamins",entire plant
5261,"animal food (feed), environmental","agroforestry, erosion control, manure/fertilizer, minerals, nitrogen fixation, protein, shade & shelter, vitamins","entire plant, leaves, roots"
5264,"animal food (feed), environmental","cover crop, erosion control, manure/fertilizer, minerals, soil improvers, vitamins",entire plant
5265,animal food (feed),"minerals, vitamins",entire plant
5267,animal food (feed),"minerals, vitamins",entire plant
5273,animal food (feed),"minerals, vitamins",entire plant
5275,"environmental, food & beverage, fuels, material, medicinal","charcoal, fuelwood, manure/fertilizer, minerals, timber wood, Unspecified, vitamins","bark, fruits, leaves, stems"
5296,animal food (feed),"minerals, vitamins",entire plant
530,"animal food (feed), environmental","erosion control, minerals, vitamins",entire plant
5302,"animal food (feed), environmental, food & beverage, fuels, material, medicinal","agroforestry, dental applications, digestive system applications, erosion control, fibres, fuelwood, genitourinary system applications, honey, living fence, manure/fertilizer, minerals, nitrogen fixation, ornamental/turf, protein, revegetation, sensory applications, vitamins","bark, entire plant, flowers, fruits, leaves, roots, seeds, stems"
5310,"food & beverage, material, medicinal","cosmetics & perfumery, digestive system applications, endocrine system applications, minerals, muscular/skeletal applications, nervous system applications","flowers, leaves, roots"
5320,medicinal,muscular/skeletal applications,leaves
5321,"environmental, medicinal, poison","digestive system applications, mammals, muscular/skeletal applications, ornamental/turf","entire plant, leaves"
5322,"environmental, medicinal, poison","blood system applications, digestive system applications, mammals, muscular/skeletal applications, nervous system applications, ornamental/turf","entire plant, leaves"
5329,"animal food (feed), food & beverage, fuels, medicinal","endocrine system applications, minerals, non-wood fuel, protein, vitamins","entire plant, leaves, seeds"
5333,"animal food (feed), environmental","cover crop, erosion control, minerals, vitamins",entire plant
5340,"fuels, material","fuelwood, timber wood",bark
5343,"environmental, food & beverage, material","dye/tannin, fibres, manure/fertilizer, minerals, timber wood, vitamins","bark, flowers, fruits, Unspecified"
5349,"environmental, food & beverage, food additive, fuels, material, medicinal","blood system applications, condiment/seasoning, cosmetics & perfumery, digestive system applications, immune system applications, minerals, non-wood fuel, ornamental/turf, shade & shelter, timber wood, vitamins","bark, entire plant, flowers, fruits, leaves, seeds"
5350,food & beverage,"minerals, vitamins",fruits
536,"animal food (feed), environmental","erosion control, living fence, minerals, ornamental/turf, vitamins",entire plant
5369,"animal food (feed), food & beverage","minerals, vitamins",roots
537,"animal food (feed), environmental","erosion control, minerals, vitamins",entire plant
5374,medicinal,Unspecified,roots
538,"animal food (feed), environmental","erosion control, minerals, vitamins",entire plant
5382,"food & beverage, poison","mammals, minerals, vitamins",roots
5387,food & beverage,"minerals, vitamins",roots
539,animal food (feed),"minerals, vitamins",entire plant
540,animal food (feed),"minerals, vitamins",entire plant
5408,"environmental, food & beverage, medicinal","minerals, ornamental/turf, Unspecified, vitamins","entire plant, roots"
5429,"environmental, food & beverage","agroforestry, minerals, vitamins","entire plant, roots"
543,"animal food (feed), environmental","minerals, pioneer, vitamins",entire plant
545,"animal food (feed), environmental, food & beverage, fuels, material","fibres, fuelwood, minerals, shade & shelter, timber wood, vitamins","bark, entire plant, flowers, fruits, leaves"
5464,"environmental, food & beverage, material, medicinal","dye/tannin, gums/resins, minerals, ornamental/turf, timber wood, Unspecified, vitamins","bark, entire plant, fruits, leaves"
5465,"animal food (feed), environmental, food & beverage, material, medicinal","blood system applications, digestive system applications, genitourinary system applications, living fence, minerals, nervous system applications, protein, skin applications, timber wood, vitamins","bark, entire plant, flowers, fruits, leaves, seeds, stems"
5466,"environmental, food & beverage, fuels, material, medicinal","charcoal, digestive system applications, fuelwood, genitourinary system applications, honey, immune system applications, minerals, ornamental/turf, skin applications, timber wood, vitamins","bark, entire plant, flowers, fruits, leaves, roots, stems"
547,"food & beverage, material","lipids/oil & fats, minerals, vitamins","leaves, seeds"
5474,"animal food (feed), environmental, food & beverage, material, medicinal","blood system applications, digestive system applications, dye/tannin, erosion control, honey, immune system applications, minerals, ornamental/turf, timber wood, vitamins","bark, entire plant, flowers, fruits, leaves, seeds, stems"
5479,animal food (feed),"minerals, vitamins",entire plant
548,"food & beverage, food additive, material","condiment/seasoning, lipids/oil & fats, minerals, vitamins","leaves, seeds"
5485,material,timber wood,entire plant
549,"animal food (feed), food & beverage, fuels, material","lipids/oil & fats, minerals, petroleum substitutes/alcohol, protein, vitamins","entire plant, seeds"
5498,"fuels, material, medicinal","charcoal, latex/rubber, paper, timber wood, Unspecified","bark, exudates, stems"
5499,"fuels, material, medicinal","charcoal, paper, timber wood, Unspecified","bark, stems"
550,"food additive, material","condiment/seasoning, lipids/oil & fats",seeds
5500,"fuels, material, medicinal","charcoal, paper, timber wood, Unspecified","bark, stems"
5501,material,timber wood,bark
5502,"fuels, material, medicinal","charcoal, paper, timber wood, Unspecified","bark, stems"
5503,material,timber wood,bark
5505,material,"gums/resins, lipids/oil & fats",Unspecified
551,"environmental, food & beverage","agroforestry, minerals, vitamins","entire plant, rhizomes"
5521,"animal food (feed), environmental, food & beverage, fuels, material","fuelwood, minerals, ornamental/turf, shade & shelter, timber wood, vitamins","bark, entire plant, fruits, leaves, seeds"
5523,"animal food (feed), environmental, fuels, medicinal","digestive system applications, erosion control, fuelwood, genitourinary system applications, immune system applications, minerals, sensory applications, shade & shelter, vitamins, windbreak","bark, entire plant, leaves"
553,food & beverage,"minerals, vitamins","bark, flowers"
5531,material,timber wood,bark
5534,"environmental, food & beverage","living fence, minerals, ornamental/turf, shade & shelter, vitamins","entire plant, fruits"
5536,food & beverage,"minerals, vitamins",fruits
554,food & beverage,"minerals, vitamins",leaves
555,food & beverage,"minerals, vitamins",unspecified part
5554,medicinal,"immune system applications, muscular/skeletal applications, respiratory applications, skin applications",entire plant
556,food & beverage,"minerals, vitamins",flowers
5571,"medicinal, poison","amphibians, mammals, nervous system applications",leaves
5588,"environmental, material","ornamental/turf, shade & shelter, timber wood","bark, entire plant"
5591,"medicinal, poison","digestive system applications, mammals, skin applications","entire plant, fruits"
5597,"animal food (feed), environmental, food & beverage","erosion control, minerals, vitamins","entire plant, seeds"
5599,animal food (feed),"minerals, vitamins",entire plant
5600,"animal food (feed), environmental","erosion control, minerals, vitamins",entire plant
5602,animal food (feed),"minerals, vitamins",entire plant
5603,"animal food (feed), environmental","erosion control, minerals, vitamins",entire plant
5608,"food & beverage, material, medicinal","cosmetics & perfumery, digestive system applications, dye/tannin, minerals, respiratory applications, skin applications, vitamins","entire plant, flowers, leaves, roots"
5620,"animal food (feed), environmental","erosion control, minerals, vitamins",entire plant
5622,"animal food (feed), environmental, food & beverage, fuels, material","manure/fertilizer, minerals, mulch, non-wood fuel, ornamental/turf, paper, soil improvers, vitamins","entire plant, Unspecified"
5624,environmental,"erosion control, shade & shelter",entire plant
5632,"food & beverage, fuels, material","lipids, lipids/oil & fats, non-wood fuel",fruits
565,"environmental, food & beverage, material, medicinal","blood system applications, digestive system applications, fibres, genitourinary system applications, metabolic system applications, ornamental/turf, paper, sensory applications, skin applications, timber wood, vitamins","bark, entire plant, fruits, leaves, stems"
5655,animal food (feed),"minerals, vitamins",entire plant
5657,"animal food (feed), environmental, food & beverage","agroforestry, minerals, vitamins","entire plant, seeds"
5661,"animal food (feed), environmental","erosion control, minerals, vitamins",entire plant
5663,animal food (feed),"minerals, vitamins",entire plant
5664,"animal food (feed), food & beverage","minerals, vitamins","entire plant, seeds"
5665,"animal food (feed), environmental","erosion control, minerals, ornamental/turf, vitamins",entire plant
5691,material,timber wood,bark
5700,"animal food (feed), environmental, food & beverage, material, medicinal","endocrine system applications, fibres, genitourinary system applications, minerals, muscular/skeletal applications, ornamental/turf, starch, vitamins","bark, entire plant, flowers, leaves"
5701,"animal food (feed), environmental, fuels, medicinal, poison","agroforestry, digestive system applications, fuelwood, mammals, minerals, muscular/skeletal applications, nitrogen fixation, ornamental/turf, respiratory applications, sensory applications, shade & shelter, skin applications, vitamins","bark, entire plant, fruits, leaves, roots, seeds, stems"
5706,"animal food (feed), environmental, food & beverage, material, medicinal","agroforestry, dye/tannin, fibres, minerals, nitrogen fixation, protein, respiratory applications, shade & shelter, timber wood, vitamins","bark, entire plant, fruits, leaves, roots, seeds, stems"
5707,animal food (feed),"minerals, vitamins",entire plant
5719,"environmental, food & beverage, material, medicinal","blood system applications, cosmetics & perfumery, digestive system applications, fibres, minerals, revegetation, skin applications, vitamins","entire plant, flowers, fruits, leaves, roots, seedlings"
5723,"food & beverage, medicinal","blood system applications, endocrine system applications, genitourinary system applications, minerals, nutritional applications, respiratory applications, skin applications, vitamins","bark, seedlings"
5727,"animal food (feed), environmental","erosion control, minerals, vitamins",entire plant
5728,"animal food (feed), food & beverage","minerals, vitamins","entire plant, seeds"
5731,"animal food (feed), environmental","erosion control, minerals, vitamins",entire plant
5738,"animal food (feed), environmental, medicinal","digestive system applications, erosion control, immune system applications, minerals, vitamins",entire plant
5743,animal food (feed),"minerals, vitamins",entire plant
5745,animal food (feed),"minerals, vitamins",entire plant
5746,"animal food (feed), environmental, food & beverage, material","fibres, minerals, ornamental/turf, starch","entire plant, leaves, seeds"
5748,animal food (feed),"minerals, vitamins",entire plant
5749,"animal food (feed), environmental","minerals, ornamental/turf, vitamins",entire plant
5753,environmental,"erosion control, ornamental/turf",entire plant
576,"animal food (feed), environmental, food & beverage, fuels, non-vertebrate food","agroforestry, charcoal, erosion control, fuelwood, minerals, protein, vitamins, windbreak","bark, bulbs, entire plant, fruits, leaves, seeds"
5773,animal food (feed),"minerals, vitamins",entire plant
5794,"food & beverage, food additive, material, medicinal","condiment/seasoning, digestive system applications, genitourinary system applications, lipids/oil & fats, minerals, nutritional applications, vitamins","entire plant, flowers, leaves, seeds"
5803,"animal food (feed), environmental, fuels, material, medicinal","agroforestry, dye/tannin, erosion control, fuelwood, genitourinary system applications, honey, living fence, minerals, mulch, nitrogen fixation, protein, sensory applications, shade & shelter, skin applications, timber wood, vitamins","bark, entire plant, flowers, leaves, roots, stems"
5805,"animal food (feed), environmental, food & beverage, fuels, material, medicinal","agroforestry, fuelwood, genitourinary system applications, living fence, manure/fertilizer, minerals, nitrogen fixation, pioneer, protein, sensory applications, shade & shelter, skin applications, support, timber wood, vitamins","bark, entire plant, flowers, fruits, leaves, roots, seeds, stems"
5809,"animal food (feed), environmental, fuels","agroforestry, fuelwood, manure/fertilizer, minerals, nitrogen fixation, protein, shade & shelter, vitamins","bark, entire plant, leaves, roots"
5810,environmental,ornamental/turf,entire plant
5814,"material, poison","mammals, timber wood","bark, entire plant"
5831,material,timber wood,bark
5832,material,timber wood,bark
5833,"fuels, material","fuelwood, timber wood",bark
5834,material,"dye/tannin, timber wood","bark, stems"
5835,material,timber wood,bark
5836,"environmental, fuels, material","fuelwood, shade & shelter, timber wood","bark, Unspecified"
5837,"environmental, fuels","agroforestry, fuelwood","bark, entire plant"
5838,"fuels, material","fuelwood, timber wood",bark
5839,"environmental, fuels, material","dye/tannin, fuelwood, shade & shelter, timber wood","bark, entire plant, stems"
5841,"environmental, material","honey, ornamental/turf, shade & shelter, timber wood","bark, entire plant, flowers"
5842,"environmental, fuels, material, medicinal, poison","agroforestry, bacteria, charcoal, essential oils, fuelwood, honey, immune system applications, ornamental/turf, respiratory applications, revegetation, timber wood","bark, entire plant, flowers, leaves"
5843,"environmental, fuels, material","fuelwood, honey, ornamental/turf, shade & shelter, timber wood, windbreak","bark, entire plant, flowers"
5844,"environmental, fuels, material","agroforestry, fuelwood, honey, timber wood","bark, entire plant, flowers"
5846,"fuels, material","fuelwood, timber wood",bark
5847,material,"honey, timber wood","bark, flowers"
5848,"environmental, fuels, material","fuelwood, honey, shade & shelter, timber wood","bark, entire plant, flowers"
5849,material,timber wood,bark
5850,"environmental, material","paper, shade & shelter, timber wood","bark, entire plant"
5851,material,timber wood,bark
5852,fuels,fuelwood,bark
5853,material,timber wood,bark
5854,material,timber wood,entire plant
5855,material,timber wood,bark
5856,"environmental, material","agroforestry, paper, timber wood","bark, entire plant"
5857,"environmental, material","ornamental/turf, timber wood","bark, entire plant"
5860,material,timber wood,bark
5861,"environmental, fuels, material, medicinal, poison","bacteria, digestive system applications, erosion control, essential oils, fuelwood, honey, immune system applications, living fence, ornamental/turf, paper, respiratory applications, revegetation, shade & shelter, timber wood, windbreak","bark, entire plant, flowers, leaves"
5862,"environmental, fuels, material","essential oils, fuelwood, honey, ornamental/turf, paper, timber wood","bark, entire plant, flowers, leaves"
5863,material,timber wood,bark
5864,"environmental, fuels, material","agroforestry, dye/tannin, erosion control, fuelwood, honey, ornamental/turf, shade & shelter, timber wood, windbreak","bark, entire plant, flowers, stems"
5865,"environmental, fuels, material","fuelwood, shade & shelter, timber wood","bark, entire plant"
5867,material,timber wood,entire plant
5868,material,timber wood,bark
5871,material,timber wood,bark
5872,"environmental, material","shade & shelter, timber wood","bark, entire plant"
5873,material,"honey, timber wood","bark, flowers"
5874,"environmental, fuels","fuelwood, shade & shelter","bark, entire plant"
5875,material,timber wood,bark
5876,"environmental, material","shade & shelter, timber wood","bark, entire plant"
5879,material,timber wood,bark
588,"environmental, food & beverage, fuels, material, medicinal","dye/tannin, lipids/oil & fats, minerals, non-wood fuel, ornamental/turf, revegetation, shade & shelter, timber wood, Unspecified, vitamins","bark, entire plant, exudates, fruits, seeds, stems"
5880,material,timber wood,bark
5881,material,timber wood,bark
5882,material,timber wood,bark
5884,material,"honey, timber wood","bark, flowers"
5885,"environmental, fuels, material","fuelwood, honey, shade & shelter, timber wood","bark, entire plant, flowers"
5886,material,timber wood,bark
5887,"environmental, fuels, material","fuelwood, shade & shelter, timber wood","bark, entire plant"
5888,"environmental, fuels, material","agroforestry, charcoal, erosion control, fuelwood, shade & shelter, timber wood","bark, entire plant"
5890,material,timber wood,bark
5891,material,timber wood,bark
5892,material,timber wood,bark
5893,material,timber wood,bark
5894,"fuels, material","essential oils, fuelwood, paper, timber wood","bark, leaves"
5896,"environmental, material","shade & shelter, timber wood","bark, entire plant"
5897,"environmental, fuels, material","agroforestry, dye/tannin, erosion control, fuelwood, honey, ornamental/turf, shade & shelter, timber wood","bark, entire plant, flowers, stems"
5898,"animal food (feed), fuels, material","fuelwood, honey, minerals, timber wood, vitamins","bark, flowers, leaves"
5899,fuels,fuelwood,bark
5901,material,timber wood,bark
5902,"environmental, fuels","fuelwood, shade & shelter","bark, entire plant"
5904,"fuels, material","fuelwood, timber wood",bark
5905,material,timber wood,entire plant
5906,"environmental, fuels","fuelwood, shade & shelter","bark, entire plant"
5907,"environmental, fuels, material","agroforestry, charcoal, essential oils, fuelwood, ornamental/turf, revegetation, shade & shelter, timber wood, windbreak","bark, entire plant, leaves"
5908,environmental,ornamental/turf,entire plant
5909,material,timber wood,bark
5910,material,timber wood,entire plant
5911,fuels,fuelwood,bark
5912,"fuels, material","non-wood fuel, timber wood",bark
5913,"environmental, fuels","fuelwood, shade & shelter","bark, entire plant"
5915,material,timber wood,bark
5917,"fuels, material","fuelwood, paper",bark
5918,"environmental, material","ornamental/turf, timber wood","bark, entire plant"
5919,material,timber wood,bark
5920,material,timber wood,bark
5921,material,timber wood,bark
5922,material,"paper, timber wood",bark
5923,material,timber wood,bark
5924,fuels,fuelwood,bark
5925,"environmental, fuels, material","fuelwood, shade & shelter, timber wood","bark, entire plant"
5926,"fuels, material","dye/tannin, fuelwood","bark, stems"
5927,"environmental, fuels, material","charcoal, dye/tannin, fuelwood, shade & shelter, windbreak","bark, entire plant, stems"
5929,"environmental, fuels, material","dye/tannin, fuelwood, honey, shade & shelter, timber wood","bark, entire plant, flowers, Unspecified"
5930,"fuels, material","fuelwood, paper, timber wood",bark
5931,material,timber wood,entire plant
5932,"environmental, fuels, material","erosion control, essential oils, fuelwood, honey, shade & shelter, windbreak","bark, entire plant, flowers, leaves"
5933,"environmental, fuels","fuelwood, shade & shelter","bark, entire plant"
5934,material,timber wood,bark
5936,material,timber wood,bark
5937,material,timber wood,bark
5938,material,timber wood,bark
5939,"environmental, material","shade & shelter, timber wood","bark, entire plant"
594,"food & beverage, food additive, medicinal","condiment/seasoning, minerals, Unspecified, vitamins",entire plant
5940,fuels,fuelwood,bark
5941,"environmental, fuels","charcoal, fuelwood, shade & shelter","bark, entire plant"
5942,"environmental, material","shade & shelter, timber wood","bark, entire plant"
5943,material,timber wood,bark
5945,"environmental, fuels, material","agroforestry, charcoal, dye/tannin, essential oils, fuelwood, honey, paper, revegetation, timber wood","bark, entire plant, flowers, leaves, stems"
5946,material,timber wood,bark
5947,"environmental, material","dye/tannin, erosion control, ornamental/turf, timber wood","bark, entire plant, stems"
595,"animal food (feed), environmental","cover crop, erosion control, minerals, soil improvers, vitamins",entire plant
5954,material,timber wood,bark
596,environmental,"cover crop, erosion control, soil improvers",entire plant
5967,"environmental, food & beverage, medicinal","blood system applications, genitourinary system applications, living fence, minerals, ornamental/turf, vitamins","entire plant, fruits, leaves, stems"
5976,material,timber wood,bark
599,"food & beverage, material, medicinal","lipids/oil & fats, minerals, muscular/skeletal applications, nervous system applications",leaves
5995,"environmental, food & beverage, material","agroforestry, cosmetics & perfumery, minerals, ornamental/turf, revegetation, shade & shelter, vitamins","entire plant, fruits, Unspecified"
5996,"environmental, fuels, medicinal","digestive system applications, fuelwood, shade & shelter","bark, entire plant, roots, stems"
6001,"environmental, food & beverage, material, medicinal, poison","blood system applications, digestive system applications, dye/tannin, essential oils, immune system applications, living fence, mammals, minerals, ornamental/turf, vitamins","entire plant, fruits, leaves, seeds, stems"
6002,food & beverage,"minerals, vitamins",fruits
601,material,timber wood,bark
6029,medicinal,"digestive system applications, skin applications","exudates, seeds"
603,"environmental, material","agroforestry, aromatics, cosmetics & perfumery, essential oils, ornamental/turf","entire plant, flowers"
6040,"environmental, fuels, poison","fuelwood, shade & shelter, Unspecified","bark, entire plant, Unspecified"
6051,"environmental, food & beverage","agroforestry, minerals, vitamins","entire plant, fruits"
6052,food & beverage,"minerals, vitamins",fruits
6054,"animal food (feed), environmental, food & beverage, material","minerals, ornamental/turf, protein, soil improvers, timber wood, vitamins","bark, bulbs, entire plant, fruits, seeds"
606,"environmental, food & beverage, fuels, material","fuelwood, lipids/oil & fats, minerals, ornamental/turf, protein, shade & shelter, vitamins","bark, entire plant, seeds"
6066,animal food (feed),"minerals, vitamins",entire plant
6075,"animal food (feed), environmental, food & beverage","manure/fertilizer, minerals, protein, vitamins","entire plant, fruits"
6076,"animal food (feed), environmental, food & beverage","manure/fertilizer, minerals, protein, vitamins","entire plant, fruits"
6077,"environmental, fuels, material, medicinal","charcoal, fuelwood, ornamental/turf, pioneer, shade & shelter, timber wood, Unspecified","bark, bulbs, entire plant, leaves, stems"
6078,"environmental, food & beverage, fuels, material","fuelwood, minerals, ornamental/turf, protein, timber wood, vitamins","bark, entire plant, seeds"
6080,"animal food (feed), environmental, food & beverage, fuels, material","charcoal, fuelwood, lipids, lipids/oil & fats, living fence, minerals, ornamental/turf, timber wood, vitamins","bark, entire plant, seeds"
6082,"animal food (feed), environmental, food & beverage, fuels, material, medicinal","agroforestry, dental applications, digestive system applications, fuelwood, living fence, minerals, ornamental/turf, protein, respiratory applications, shade & shelter, soil improvers, timber wood, vitamins","bark, entire plant, fruits, leaves, roots, seeds, stems"
609,"animal food (feed), environmental, food & beverage, medicinal, poison","blood system applications, cover crop, erosion control, mammals, manure/fertilizer, minerals, nitrogen fixation, protein, revegetation, soil improvers","bulbs, entire plant, fruits, roots, seeds"
6095,"food additive, medicinal","condiment/seasoning, muscular/skeletal applications, nervous system applications, respiratory applications",roots
6102,"animal food (feed), environmental","erosion control, minerals, ornamental/turf, pollution control, vitamins",entire plant
6104,"animal food (feed), environmental","erosion control, minerals, soil improvers, vitamins",entire plant
6105,"animal food (feed), environmental","erosion control, minerals, ornamental/turf, vitamins",entire plant
6107,animal food (feed),"minerals, vitamins",entire plant
6109,"animal food (feed), environmental","minerals, ornamental/turf, vitamins",entire plant
6110,"animal food (feed), environmental","erosion control, minerals, ornamental/turf, vitamins",entire plant
6113,"material, medicinal","dye/tannin, Unspecified","bark, roots"
6114,"environmental, food & beverage, medicinal","minerals, ornamental/turf, Unspecified, vitamins","entire plant, exudates, fruits, leaves"
6119,"animal food (feed), environmental","erosion control, minerals, ornamental/turf, shade & shelter, vitamins","entire plant, leaves"
612,"food & beverage, material, medicinal","dye/tannin, fibres, genitourinary system applications, paper, respiratory applications, starch","leaves, roots, seeds"
6123,"animal food (feed), environmental, fuels","fuelwood, minerals, shade & shelter, vitamins","bark, entire plant, leaves"
6149,"environmental, food & beverage, fuels, material","charcoal, dye/tannin, fuelwood, minerals, vitamins, windbreak","bark, entire plant, fruits, stems"
6163,"environmental, material","fibres, ornamental/turf, shade & shelter, timber wood","bark, entire plant, stems"
618,"food & beverage, food additive, medicinal","blood system applications, condiment/seasoning, digestive system applications, minerals, muscular/skeletal applications, skin applications, vitamins","fruits, Unspecified"
6196,"animal food (feed), environmental, fuels","fuelwood, minerals, shade & shelter, vitamins","bark, entire plant, leaves"
6199,"animal food (feed), environmental, food & beverage, food additive, fuels, material, medicinal","agroforestry, charcoal, condiment/seasoning, digestive system applications, erosion control, fibres, fuelwood, minerals, ornamental/turf, protein, respiratory applications, shade & shelter, soil improvers, timber wood, Unspecified, vitamins","bark, entire plant, exudates, fruits, leaves, roots, stems"
621,"food & beverage, food additive","condiment/seasoning, minerals, vitamins",fruits
6212,"food & beverage, material","dye/tannin, fibres, latex/rubber, minerals, vitamins","bark, exudates, fruits, Unspecified"
6237,material,timber wood,bark
6238,material,timber wood,bark
6239,material,timber wood,bark
6252,"environmental, food & beverage, medicinal","living fence, minerals, ornamental/turf, Unspecified, vitamins","entire plant, fruits, Unspecified"
6256,food & beverage,"minerals, vitamins",fruits
6262,food & beverage,"minerals, vitamins",fruits
6266,"animal food (feed), fuels, material, medicinal","charcoal, digestive system applications, dye/tannin, endocrine system applications, minerals, timber wood, vitamins","bark, fruits, leaves, stems"
6271,"material, medicinal","digestive system applications, dye/tannin, genitourinary system applications, lipids/oil & fats, metabolic system applications, timber wood","bark, fruits, leaves, seeds, stems"
6295,"environmental, material","fibres, living fence, ornamental/turf","bark, entire plant"
630,"animal food (feed), environmental, food & beverage, food additive, medicinal, social","agroforestry, digestive system applications, genitourinary system applications, minerals, skin applications, smoking material, stabiliser, vitamins","entire plant, exudates, fruits, leaves, seeds"
6304,"animal food (feed), environmental, material, medicinal","blood system applications, cosmetics & perfumery, endocrine system applications, metabolic system applications, minerals, soil improvers, vitamins",entire plant
6309,"food & beverage, material, medicinal","dye/tannin, genitourinary system applications, immune system applications, minerals, skin applications, vitamins","bark, entire plant, roots"
6313,"food & beverage, food additive, material, medicinal","blood system applications, dye/tannin, minerals, muscular/skeletal applications, skin applications, starch","entire plant, flowers, roots, seeds"
633,"environmental, food & beverage, medicinal","blood system applications, minerals, muscular/skeletal applications, nervous system applications, ornamental/turf, protein, vitamins","entire plant, fruits, leaves, seeds, stems"
634,"medicinal, poison","birds, fish, mammals, Unspecified","entire plant, Unspecified"
635,"environmental, material","dye/tannin, ornamental/turf, timber wood","bark, entire plant, Unspecified"
6353,"environmental, food & beverage, material","lipids/oil & fats, minerals, shade & shelter, vitamins","entire plant, fruits, seeds"
6384,"food & beverage, fuels, material, medicinal","dye/tannin, fuelwood, minerals, Unspecified, vitamins","bark, fruits, Unspecified"
639,"environmental, food & beverage, poison","mammals, minerals, nitrogen fixation, ornamental/turf, vitamins","entire plant, fruits, roots, seeds"
6394,material,timber wood,bark
6397,"animal food (feed), food & beverage, material, medicinal","dye/tannin, fibres, minerals, timber wood, Unspecified, vitamins","bark, fruits, leaves, stems"
6401,"environmental, food & beverage, food additive, material, medicinal","condiment/seasoning, dye/tannin, erosion control, minerals, ornamental/turf, Unspecified, vitamins","entire plant, flowers, seeds, Unspecified, unspecified part"
6404,"food additive, medicinal","blood system applications, condiment/seasoning, digestive system applications, endocrine system applications, immune system applications",roots
6416,medicinal,"digestive system applications, metabolic system applications, muscular/skeletal applications, sensory applications, skin applications","entire plant, roots"
6435,"food & beverage, food additive, medicinal","condiment/seasoning, endocrine system applications, minerals, respiratory applications, sensory applications","entire plant, leaves"
6438,"animal food (feed), fuels, material, non-vertebrate food","alcohol, minerals, petroleum substitutes/alcohol, protein, timber wood, vitamins","bark, fruits, leaves"
644,material,timber wood,bark
6456,material,timber wood,bark
6458,"food & beverage, material","aromatics, starch","leaves, seeds"
646,"environmental, fuels, material, medicinal","agroforestry, charcoal, dye/tannin, erosion control, fuelwood, living fence, nitrogen fixation, ornamental/turf, revegetation, timber wood, Unspecified, windbreak","bark, entire plant, roots, stems"
6467,"animal food (feed), food additive, material, medicinal, social","condiment/seasoning, digestive system applications, fibres, genitourinary system applications, immune system applications, minerals, muscular/skeletal applications, respiratory applications, smoking material, sweetener, vitamins","entire plant, roots"
6468,"environmental, food additive, medicinal","blood system applications, condiment/seasoning, dental applications, digestive system applications, erosion control, immune system applications, respiratory applications, sensory applications","entire plant, leaves, roots"
6471,material,timber wood,bark
648,"environmental, fuels, material","erosion control, fuelwood, shade & shelter, timber wood","bark, entire plant"
6492,"animal food (feed), environmental, material","fibres, lipids/oil & fats, manure/fertilizer, minerals, vitamins","fruits, seeds"
6493,"animal food (feed), environmental, material, medicinal","blood system applications, fibres, genitourinary system applications, lipids/oil & fats, minerals, protein, soil improvers, vitamins","fruits, seeds, stems"
6500,food & beverage,"minerals, vitamins",entire plant
6502,food & beverage,"minerals, vitamins",entire plant
6514,"fuels, material","fuelwood, honey, timber wood","bark, flowers"
652,"environmental, medicinal","blood system applications, digestive system applications, endocrine system applications, ornamental/turf, respiratory applications","entire plant, leaves, roots"
6520,"animal food (feed), environmental, food & beverage, material, medicinal","blood system applications, canes, digestive system applications, fibres, genitourinary system applications, immune system applications, lipids/oil & fats, minerals, muscular/skeletal applications, respiratory applications, skin applications, soil improvers, timber wood, vitamins","bark, bulbs, fruits, leaves, roots, stems"
6523,"animal food (feed), food & beverage, food additive, fuels, material, medicinal","condiment/seasoning, fibres, fuelwood, genitourinary system applications, minerals, respiratory applications, sensory applications, starch, vitamins","bark, fruits, leaves, roots, stems"
6551,"animal food (feed), food & beverage, fuels, material, medicinal","fibres, fuelwood, minerals, timber wood, Unspecified, vitamins","bark, fruits, Unspecified"
6558,"environmental, material, medicinal","blood system applications, dental applications, gums/resins, muscular/skeletal applications, ornamental/turf, timber wood","bark, entire plant, stems"
6559,"environmental, medicinal","digestive system applications, genitourinary system applications, metabolic system applications, muscular/skeletal applications, ornamental/turf, sensory applications, skin applications","bark, entire plant"
656,"environmental, fuels, material, medicinal","agroforestry, fibres, fuelwood, honey, ornamental/turf, sensory applications, shade & shelter, timber wood, Unspecified, windbreak","bark, entire plant, flowers, roots, seeds, stems"
6562,"animal food (feed), environmental, food & beverage, fuels, material, medicinal","agroforestry, charcoal, digestive system applications, fibres, fuelwood, genitourinary system applications, honey, immune system applications, minerals, ornamental/turf, respiratory applications, shade & shelter, timber wood, vitamins","bark, entire plant, flowers, fruits, leaves, seeds, stems"
6567,"animal food (feed), environmental, food & beverage, fuels, material, medicinal","genitourinary system applications, lipids/oil & fats, living fence, minerals, petroleum substitutes/alcohol, protein, respiratory applications, soil improvers, vitamins","entire plant, fruits, seedlings, seeds"
6569,"environmental, food & beverage, material, medicinal","blood system applications, dye/tannin, ornamental/turf, Unspecified","entire plant, leaves, roots"
6579,"animal food (feed), environmental, food & beverage, material, medicinal, poison","genitourinary system applications, immune system applications, insects, lipids/oil & fats, minerals, muscular/skeletal applications, ornamental/turf, protein, sensory applications, vitamins","entire plant, flowers, leaves, roots, seeds"
658,"animal food (feed), environmental, food & beverage, material","agroforestry, fibres, lipids, lipids/oil & fats, protein, shade & shelter, timber wood","bark, entire plant, seeds"
6597,"environmental, fuels, material, medicinal","agroforestry, charcoal, digestive system applications, erosion control, firebreaks, fuelwood, manure/fertilizer, ornamental/turf, timber wood, Unspecified","bark, entire plant, flowers, leaves, roots, stems"
660,food & beverage,"minerals, vitamins","bulbs, leaves"
6613,"animal food (feed), environmental, fuels","agroforestry, charcoal, erosion control, fuelwood, minerals, shade & shelter, vitamins","bark, entire plant, leaves"
6615,medicinal,blood system applications,Unspecified
6621,"animal food (feed), environmental, fuels, material","agroforestry, charcoal, fibres, fuelwood, manure/fertilizer, minerals, mulch, protein, timber wood, vitamins","bark, entire plant, leaves, stems"
6623,"fuels, material, medicinal","blood system applications, charcoal, digestive system applications, dye/tannin, fuelwood, genitourinary system applications, respiratory applications, sensory applications","bark, flowers, leaves, roots"
6625,"environmental, material, medicinal, poison","blood system applications, dye/tannin, mammals, nervous system applications, ornamental/turf","entire plant, fruits, leaves"
6630,animal food (feed),"minerals, vitamins",entire plant
6631,"animal food (feed), environmental","manure/fertilizer, minerals, ornamental/turf, vitamins",entire plant
6632,animal food (feed),"minerals, vitamins",entire plant
6633,animal food (feed),"minerals, vitamins",entire plant
6634,animal food (feed),"minerals, vitamins",entire plant
6659,animal food (feed),"minerals, vitamins",entire plant
666,"animal food (feed), environmental","erosion control, minerals, vitamins",entire plant
6663,"food & beverage, medicinal","nervous system applications, Unspecified","leaves, roots"
669,"food & beverage, medicinal","digestive system applications, endocrine system applications, genitourinary system applications, immune system applications, minerals, skin applications, vitamins",entire plant
6707,"animal food (feed), material","fibres, minerals, vitamins","bark, leaves, stems"
6708,"animal food (feed), food & beverage, food additive, medicinal","blood system applications, condiment/seasoning, digestive system applications, genitourinary system applications, minerals, muscular/skeletal applications, protein, respiratory applications, skin applications, vitamins","flowers, fruits, leaves, roots, seeds"
671,"animal food (feed), environmental","cover crop, manure/fertilizer, minerals, vitamins",entire plant
6718,medicinal,"blood system applications, digestive system applications",entire plant
6720,animal food (feed),"minerals, vitamins",entire plant
6721,material,timber wood,bark
6723,animal food (feed),"minerals, vitamins",entire plant
6724,animal food (feed),"minerals, vitamins",entire plant
6732,"animal food (feed), environmental, food & beverage, fuels, medicinal","blood system applications, erosion control, fuelwood, minerals, nutritional applications, ornamental/turf, shade & shelter, vitamins, windbreak","bark, entire plant, fruits, leaves"
6733,"animal food (feed), environmental, food & beverage, fuels, medicinal","erosion control, fuelwood, manure/fertilizer, minerals, nitrogen fixation, nutritional applications, shade & shelter, vitamins, windbreak","bark, entire plant, fruits, leaves, roots"
6749,material,"dye/tannin, timber wood","bark, stems"
6750,"fuels, material","fuelwood, timber wood",bark
6751,material,timber wood,bark
6752,material,timber wood,entire plant
6753,animal food (feed),"minerals, vitamins",entire plant
6754,food & beverage,"minerals, vitamins",seeds
6779,"animal food (feed), food & beverage, material, medicinal","digestive system applications, lipids/oil & fats, minerals, nervous system applications, vitamins","flowers, Unspecified"
6782,"fuels, material","fuelwood, lipids/oil & fats, timber wood","bark, Unspecified"
6784,medicinal,Unspecified,Unspecified
6785,"fuels, material","fuelwood, timber wood",bark
6808,"animal food (feed), environmental","minerals, pollution control, vitamins",entire plant
6809,"animal food (feed), food & beverage, fuels, material","dye/tannin, gums/resins, lipids, minerals, petroleum substitutes/alcohol, sugar, timber wood, vitamins","bark, exudates, fruits, roots, seeds, stems"
681,"animal food (feed), environmental","erosion control, minerals, vitamins",entire plant
6813,material,timber wood,bark
6820,"medicinal, poison","mammals, nervous system applications, skin applications","entire plant, leaves"
6825,environmental,erosion control,entire plant
6826,"animal food (feed), material","minerals, paper, vitamins",entire plant
683,animal food (feed),"minerals, vitamins",entire plant
6831,medicinal,Unspecified,Unspecified
6837,"animal food (feed), environmental, food & beverage, fuels, material, medicinal","agroforestry, blood system applications, charcoal, erosion control, fibres, fuelwood, minerals, sensory applications, timber wood, Unspecified, vitamins","bark, bulbs, entire plant, fruits, leaves, roots, seeds"
685,environmental,pioneer,entire plant
6852,"environmental, food additive, material, medicinal","blood system applications, condiment/seasoning, digestive system applications, essential oils, ornamental/turf, respiratory applications","entire plant, exudates, flowers"
6860,"food additive, material, medicinal","condiment/seasoning, digestive system applications, timber wood","bark, fruits, leaves"
6864,fuels,fuelwood,bark
6869,medicinal,"genitourinary system applications, metabolic system applications, nervous system applications",leaves
6882,"animal food (feed), environmental, material, medicinal","dye/tannin, manure/fertilizer, minerals, Unspecified, vitamins","entire plant, leaves"
6889,"animal food (feed), material","dye/tannin, minerals, vitamins","entire plant, flowers"
689,"environmental, food & beverage, material, medicinal","agroforestry, blood system applications, digestive system applications, genitourinary system applications, immune system applications, latex/rubber, metabolic system applications, minerals, ornamental/turf, shade & shelter, timber wood, vitamins","bark, entire plant, fruits, seeds, stems"
6893,"animal food (feed), environmental, food & beverage, food additive, fuels, material, medicinal","agroforestry, charcoal, condiment/seasoning, digestive system applications, erosion control, fuelwood, manure/fertilizer, minerals, mulch, muscular/skeletal applications, nitrogen fixation, ornamental/turf, protein, shade & shelter, soil improvers, sugar, timber wood, vitamins","bark, entire plant, fruits, leaves, roots, seeds, stems"
6896,"environmental, food & beverage, fuels, material, medicinal","agroforestry, charcoal, digestive system applications, fuelwood, genitourinary system applications, honey, minerals, nitrogen fixation, shade & shelter, sugar, timber wood","bark, entire plant, flowers, fruits, roots, stems"
690,"animal food (feed), environmental","erosion control, minerals, vitamins",entire plant
6901,"environmental, food & beverage, medicinal","digestive system applications, ornamental/turf, Unspecified","entire plant, exudates, roots"
693,food & beverage,"minerals, vitamins",leaves
694,"animal food (feed), food & beverage, food additive, medicinal","digestive system applications, endocrine system applications, minerals, sweetener, vitamins","entire plant, leaves, roots"
6952,"environmental, material, medicinal","cosmetics & perfumery, digestive system applications, ornamental/turf, respiratory applications","entire plant, roots"
6955,"food & beverage, medicinal","blood system applications, digestive system applications, Unspecified","roots, seeds"
6958,"food & beverage, food additive, material, medicinal","digestive system applications, endocrine system applications, genitourinary system applications, lipids/oil & fats, minerals, starch, timber wood, vitamins","bark, fruits, seeds"
6965,"animal food (feed), environmental","erosion control, minerals, vitamins",entire plant
6966,animal food (feed),"minerals, vitamins",entire plant
6968,animal food (feed),"minerals, vitamins",entire plant
6969,animal food (feed),"minerals, vitamins",entire plant
697,"environmental, material, medicinal, poison","agroforestry, dye/tannin, immune system applications, Unspecified",stems
6975,animal food (feed),"minerals, vitamins",entire plant
6982,material,timber wood,bark
6983,"environmental, fuels, material, medicinal","fuelwood, genitourinary system applications, honey, ornamental/turf, shade & shelter, timber wood, windbreak","bark, entire plant, flowers, roots"
699,"environmental, material, medicinal","essential oils, ornamental/turf, shade & shelter, timber wood, Unspecified","bark, entire plant, leaves"
7000,"animal food (feed), food & beverage, material","lipids/oil & fats, minerals, vitamins","fruits, Unspecified"
7010,"environmental, food & beverage, material","lipids, minerals, ornamental/turf, timber wood, vitamins","bark, entire plant, seeds"
7013,"environmental, food & beverage, material","lipids, minerals, ornamental/turf, revegetation, timber wood, vitamins","bark, entire plant, seeds"
7014,"environmental, food & beverage, material","lipids, minerals, ornamental/turf, timber wood, vitamins","bark, entire plant, seeds"
702,"food additive, material, medicinal","condiment/seasoning, cosmetics & perfumery, essential oils, immune system applications",stems
7022,"food & beverage, material, medicinal","digestive system applications, essential oils, Unspecified, vitamins","exudates, fruits"
7032,"environmental, fuels, material, medicinal","erosion control, fuelwood, timber wood, Unspecified","bark, entire plant, Unspecified"
7033,"environmental, material, medicinal, poison","blood system applications, digestive system applications, insects, ornamental/turf, timber wood","bark, entire plant"
7037,"environmental, fuels, material, medicinal, poison","agroforestry, bacteria, charcoal, dye/tannin, fish, fuelwood, fungi, insects, revegetation, Unspecified","bark, entire plant, flowers, leaves, roots, seeds"
7056,food & beverage,"minerals, protein, vitamins",seeds
7058,"environmental, fuels, material, medicinal","dye/tannin, fuelwood, gums/resins, shade & shelter, timber wood, Unspecified","bark, entire plant, exudates, stems"
7067,"animal food (feed), environmental","minerals, ornamental/turf, vitamins",entire plant
708,"animal food (feed), environmental, food & beverage, material, medicinal","agroforestry, blood system applications, digestive system applications, lipids/oil & fats, minerals, protein, skin applications, starch, vitamins","entire plant, fruits, leaves, seeds"
7081,"animal food (feed), food & beverage, medicinal, non-vertebrate food","minerals, Unspecified, vitamins",leaves
7089,"medicinal, poison","mammals, nervous system applications","exudates, leaves"
7092,material,timber wood,bark
7094,material,timber wood,bark
7095,material,timber wood,bark
7098,"fuels, material, medicinal","charcoal, dye/tannin, fuelwood, honey, timber wood, Unspecified","bark, flowers, stems"
7103,"food & beverage, medicinal","blood system applications, sensory applications, vitamins","bark, flowers, fruits"
711,"environmental, food & beverage, food additive, material, medicinal","agroforestry, condiment/seasoning, cosmetics & perfumery, digestive system applications, essential oils, minerals, muscular/skeletal applications, nervous system applications, respiratory applications, vitamins","entire plant, flowers, fruits, leaves"
712,"food & beverage, material, medicinal","cosmetics & perfumery, digestive system applications, immune system applications, minerals, respiratory applications, timber wood, vitamins","bark, flowers, fruits, leaves"
7130,"animal food (feed), material","fibres, minerals, timber wood, vitamins","bark, leaves, stems"
714,"food & beverage, food additive, material, medicinal, poison","bacteria, blood system applications, condiment/seasoning, cosmetics & perfumery, genitourinary system applications, minerals, muscular/skeletal applications, nutritional applications, skin applications, vitamins","flowers, fruits"
7149,"environmental, material, medicinal","blood system applications, immune system applications, living fence, ornamental/turf, timber wood","bark, entire plant, exudates, leaves"
7154,"animal food (feed), environmental","erosion control, minerals, vitamins",entire plant
7156,animal food (feed),"minerals, protein, vitamins","entire plant, seeds"
7157,animal food (feed),"minerals, vitamins",entire plant
716,"food & beverage, food additive, material, medicinal, social","condiment/seasoning, cosmetics & perfumery, digestive system applications, immune system applications, metabolic system applications, minerals, muscular/skeletal applications, nervous system applications, other socio-cultural uses, respiratory applications, vitamins","fruits, leaves"
7162,animal food (feed),"minerals, protein, vitamins",entire plant
7164,"animal food (feed), environmental, food & beverage, non-vertebrate food, poison","mammals, manure/fertilizer, minerals, protein, starch, vitamins","entire plant, leaves, seeds"
717,"animal food (feed), food & beverage, food additive","condiment/seasoning, minerals, vitamins",fruits
7172,"environmental, food additive, material, medicinal, poison","condiment/seasoning, erosion control, insects, lipids/oil & fats, nervous system applications, ornamental/turf","entire plant, flowers"
7174,"environmental, material, medicinal","erosion control, essential oils, immune system applications, nervous system applications, ornamental/turf","entire plant, flowers, leaves"
7175,"environmental, material, medicinal","digestive system applications, erosion control, lipids/oil & fats, ornamental/turf","entire plant, flowers"
7177,"environmental, material, medicinal","digestive system applications, erosion control, essential oils, ornamental/turf","entire plant, flowers, fruits"
718,"food & beverage, material","essential oils, minerals, vitamins",fruits
720,"animal food (feed), environmental, food & beverage, material","agroforestry, essential oils, minerals, vitamins","entire plant, fruits"
7200,animal food (feed),"minerals, vitamins",entire plant
7205,"animal food (feed), environmental","lipids, pollution control, protein",entire plant
7208,"animal food (feed), environmental, food & beverage","living fence, minerals, protein, vitamins, windbreak","entire plant, leaves, seeds"
7209,"animal food (feed), environmental, food & beverage, material, medicinal","digestive system applications, gums/resins, minerals, protein, soil improvers, vitamins","bark, entire plant, leaves, seeds"
722,"animal food (feed), environmental, food & beverage, food additive, material, medicinal","antioxidant, condiment/seasoning, essential oils, ornamental/turf, Unspecified, vitamins","entire plant, flowers, fruits, leaves"
7220,"animal food (feed), food & beverage, medicinal","minerals, nutritional applications, starch, vitamins",roots
7227,food & beverage,"minerals, vitamins","bulbs, leaves"
7239,animal food (feed),"minerals, vitamins",entire plant
7254,"animal food (feed), environmental","cover crop, erosion control, manure/fertilizer, minerals, protein, soil improvers, vitamins",entire plant
7255,"animal food (feed), environmental","erosion control, manure/fertilizer, minerals, protein, soil improvers, vitamins",entire plant
7258,"animal food (feed), food additive, material","cosmetics & perfumery, gums/resins, lipids/oil & fats, minerals, protein, starch, vitamins",seeds
7260,"animal food (feed), environmental, fuels, material","agroforestry, erosion control, fuelwood, manure/fertilizer, minerals, mulch, nitrogen fixation, paper, soil improvers, vitamins","bark, entire plant, leaves, roots"
7277,"food & beverage, food additive, material, medicinal","condiment/seasoning, digestive system applications, essential oils, nervous system applications, vitamins","bark, exudates, leaves, roots, seeds"
7292,"environmental, material","fibres, ornamental/turf","entire plant, leaves"
7302,"environmental, medicinal","digestive system applications, living fence, ornamental/turf, skin applications","entire plant, leaves, stems"
7304,"environmental, medicinal","immune system applications, nervous system applications, ornamental/turf, respiratory applications, skin applications","entire plant, leaves"
7317,"animal food (feed), fuels, material","lipids, lipids/oil & fats, minerals, petroleum substitutes/alcohol, vitamins",seeds
7330,"food & beverage, material, medicinal","blood system applications, digestive system applications, dye/tannin, immune system applications, sensory applications, vitamins","bark, entire plant, flowers"
7336,"animal food (feed), fuels, material, medicinal","digestive system applications, fibres, lipids/oil & fats, minerals, petroleum substitutes/alcohol, protein, skin applications","bark, seeds"
7338,"environmental, food additive, material, medicinal","condiment/seasoning, digestive system applications, dye/tannin, nervous system applications, ornamental/turf","entire plant, flowers, leaves"
7343,"environmental, material, medicinal","shade & shelter, soil improvers, timber wood, Unspecified","bark, entire plant, exudates"
7364,"environmental, food & beverage","minerals, ornamental/turf, vitamins","entire plant, unspecified part"
738,"animal food (feed), environmental, food & beverage, material, medicinal","cover crop, dye/tannin, minerals, ornamental/turf, Unspecified, vitamins","entire plant, fruits, roots, seeds, stems"
7383,"environmental, medicinal","digestive system applications, nervous system applications, ornamental/turf, respiratory applications","entire plant, flowers"
7389,"animal food (feed), environmental","erosion control, minerals, ornamental/turf, soil improvers, vitamins",entire plant
7396,poison,fish,Unspecified
7407,material,"honey, timber wood","bark, flowers"
7410,"animal food (feed), environmental, medicinal","blood system applications, erosion control, immune system applications, minerals, nervous system applications, soil improvers, vitamins","entire plant, flowers"
7411,"animal food (feed), environmental","erosion control, minerals, ornamental/turf, protein, vitamins",entire plant
7412,"animal food (feed), food & beverage","minerals, vitamins","entire plant, seeds"
7413,animal food (feed),"minerals, vitamins",entire plant
7416,animal food (feed),"minerals, vitamins",entire plant
7418,"animal food (feed), environmental","agroforestry, cover crop, minerals, vitamins",entire plant
7419,animal food (feed),"minerals, vitamins",entire plant
7428,fuels,fuelwood,bark
7429,fuels,fuelwood,bark
743,"environmental, food & beverage, fuels, material","agroforestry, charcoal, dye/tannin, fuelwood, minerals, ornamental/turf, shade & shelter, timber wood, vitamins","bark, entire plant, fruits"
7431,"animal food (feed), environmental, food & beverage, material, medicinal, poison","blood system applications, cosmetics & perfumery, cover crop, digestive system applications, honey, lipids/oil & fats, mammals, manure/fertilizer, minerals, protein, skin applications, soil improvers, vitamins","entire plant, flowers, roots, seeds"
7432,animal food (feed),"minerals, vitamins",Unspecified
7434,"animal food (feed), environmental, food & beverage, material","cover crop, honey, manure/fertilizer, minerals, nitrogen fixation, protein, soil improvers, vitamins","entire plant, flowers, roots, seeds"
7435,"animal food (feed), environmental, food & beverage, material, medicinal, poison","bacteria, digestive system applications, lipids/oil & fats, ornamental/turf, protein, soil improvers, vitamins","entire plant, seeds"
7437,"animal food (feed), environmental","minerals, ornamental/turf, protein, vitamins",entire plant
744,"animal food (feed), environmental, food & beverage, food additive, fuels, material, medicinal","agroforestry, blood system applications, charcoal, cosmetics & perfumery, erosion control, fibres, lipids, lipids/oil & fats, metabolic system applications, minerals, petroleum substitutes/alcohol, protein, shade & shelter, sweetener, timber wood, vitamins","bark, entire plant, flowers, fruits, leaves"
7444,"environmental, food & beverage, food additive, medicinal","condiment/seasoning, cover crop, erosion control, living fence, minerals, ornamental/turf, Unspecified, vitamins","bulbs, entire plant, leaves"
749,"animal food (feed), environmental, food & beverage, food additive, material, medicinal, poison","agroforestry, condiment/seasoning, cosmetics & perfumery, dicot., digestive system applications, dye/tannin, endocrine system applications, minerals, muscular/skeletal applications, nervous system applications, sensory applications, soil improvers, timber wood, Unspecified, vitamins","bark, entire plant, fruits, leaves, seeds, stems"
74953,"animal food (feed), environmental","cover crop, minerals, ornamental/turf, vitamins",entire plant
74962,"animal food (feed), medicinal","digestive system applications, immune system applications, protein, vitamins",entire plant
74983,medicinal,genitourinary system applications,entire plant
74984,"animal food (feed), environmental, fuels, material","charcoal, erosion control, fibres, fuelwood, minerals, mulch, nitrogen fixation, ornamental/turf, paper, pioneer, revegetation, shade & shelter, timber wood, vitamins","bark, entire plant, leaves, roots, stems"
750,"environmental, food & beverage, food additive, fuels, material, medicinal","agroforestry, blood system applications, charcoal, condiment/seasoning, digestive system applications, dye/tannin, endocrine system applications, metabolic system applications, minerals, muscular/skeletal applications, nervous system applications, sensory applications, soil improvers, vitamins","entire plant, fruits, seeds"
75000,"food & beverage, medicinal","blood system applications, minerals, nervous system applications, respiratory applications, skin applications, vitamins","leaves, roots"
75002,medicinal,blood system applications,entire plant
75061,"animal food (feed), food & beverage, fuels, material","charcoal, miscellaneous, non-wood fuel, petroleum substitutes/alcohol, protein, timber wood, vitamins","bark, fruits, leaves"
751,"environmental, food & beverage","agroforestry, minerals","entire plant, leaves, seeds"
7533,"animal food (feed), environmental, fuels, material, medicinal","agroforestry, digestive system applications, fuelwood, genitourinary system applications, lipids/oil & fats, minerals, shade & shelter, timber wood, vitamins","bark, entire plant, leaves, roots, seeds, stems"
754,"food additive, medicinal","condiment/seasoning, Unspecified",leaves
7542,"environmental, food additive, material, medicinal","condiment/seasoning, essential oils, ornamental/turf, Unspecified","entire plant, leaves"
7548,"animal food (feed), environmental, fuels, material, medicinal","cosmetics & perfumery, dye/tannin, fuelwood, lipids/oil & fats, minerals, pioneer, skin applications, Unspecified, vitamins","bark, entire plant, fruits, leaves, seeds"
7557,"food & beverage, material, medicinal","blood system applications, digestive system applications, dye/tannin, fibres, genitourinary system applications, paper, respiratory applications, skin applications, Unspecified","bark, entire plant, flowers, leaves, seeds"
7563,medicinal,"digestive system applications, immune system applications, skin applications",leaves
75752,animal food (feed),"minerals, vitamins",leaves
75756,"animal food (feed), material","minerals, timber wood, vitamins","bark, leaves"
758,"environmental, food & beverage","minerals, ornamental/turf, protein, starch, vitamins","entire plant, leaves, roots"
7605,"environmental, food & beverage, material, medicinal","agroforestry, digestive system applications, dye/tannin, immune system applications, latex/rubber, minerals, protein, timber wood, vitamins","bark, entire plant, exudates, fruits, seeds, stems"
7618,"food & beverage, food additive, medicinal","condiment/seasoning, digestive system applications, nervous system applications, respiratory applications, skin applications, vitamins","bark, exudates, leaves"
7637,"food & beverage, medicinal","immune system applications, minerals, nervous system applications, respiratory applications, skin applications","exudates, flowers"
7639,"animal food (feed), environmental, food & beverage, food additive, material","agroforestry, fibres, gums/resins, minerals, sweetener, vitamins","bark, entire plant, fruits, Unspecified"
7647,"animal food (feed), environmental, material","dye/tannin, erosion control, minerals, soil improvers, vitamins","entire plant, Unspecified"
7650,"animal food (feed), environmental","erosion control, minerals, vitamins",entire plant
7651,animal food (feed),"minerals, vitamins",Unspecified
7652,animal food (feed),"minerals, protein, vitamins",entire plant
7653,animal food (feed),"minerals, protein, vitamins",entire plant
7654,"animal food (feed), environmental","manure/fertilizer, minerals, vitamins","entire plant, fruits"
7655,animal food (feed),"minerals, vitamins",entire plant
7656,"animal food (feed), environmental","manure/fertilizer, minerals, vitamins",entire plant
7657,"animal food (feed), environmental","erosion control, manure/fertilizer, minerals, soil improvers, vitamins",entire plant
7658,animal food (feed),"minerals, vitamins",entire plant
7659,animal food (feed),"minerals, protein, vitamins",entire plant
7660,animal food (feed),"minerals, vitamins",entire plant
7661,animal food (feed),"minerals, protein, vitamins",entire plant
7662,animal food (feed),"minerals, protein, vitamins",entire plant
7663,animal food (feed),"minerals, protein, vitamins",entire plant
7664,animal food (feed),"minerals, vitamins",entire plant
7668,"environmental, fuels, material","erosion control, fuelwood, honey","bark, entire plant, flowers"
7669,"environmental, material, poison","erosion control, essential oils, insects, ornamental/turf, shade & shelter","entire plant, leaves"
7670,"environmental, fuels, material, medicinal","essential oils, fuelwood, honey, ornamental/turf, paper, shade & shelter, timber wood, Unspecified","bark, entire plant, flowers, leaves, stems"
7671,fuels,fuelwood,bark
7672,"environmental, fuels, material","fuelwood, ornamental/turf, shade & shelter, timber wood, windbreak","bark, entire plant"
76733,"food & beverage, medicinal","Unspecified, vitamins",seeds
7674,"environmental, fuels","fuelwood, ornamental/turf",entire plant
7675,"environmental, fuels","charcoal, fuelwood, ornamental/turf, shade & shelter","bark, entire plant"
7681,"environmental, fuels, material, medicinal, poison, social","agroforestry, birds, fuelwood, insects, lipids/oil & fats, mammals, ornamental/turf, petroleum substitutes/alcohol, religious use, shade & shelter, timber wood, Unspecified","bark, entire plant, flowers, fruits, leaves, roots, stems"
7682,"animal food (feed), environmental, fuels, material, medicinal, poison","fish, fuelwood, honey, mammals, minerals, ornamental/turf, shade & shelter, timber wood, Unspecified, vitamins","bark, entire plant, flowers, fruits, leaves, roots, stems"
7683,"environmental, fuels, material","fuelwood, shade & shelter, timber wood","bark, entire plant"
7689,"animal food (feed), environmental","erosion control, minerals, vitamins",entire plant
7691,"animal food (feed), environmental, material, medicinal","aromatics, digestive system applications, erosion control, immune system applications, minerals, nervous system applications, respiratory applications, vitamins","entire plant, flowers"
7692,animal food (feed),"minerals, vitamins",entire plant
7694,material,canes,bark
7695,"food & beverage, material","canes, minerals, vitamins","bark, bulbs"
7704,medicinal,"blood system applications, immune system applications",leaves
7707,"food additive, material, medicinal, poison","condiment/seasoning, digestive system applications, essential oils, Unspecified","leaves, Unspecified"
7710,"food & beverage, food additive, material","condiment/seasoning, essential oils, minerals, vitamins",leaves
7721,"food & beverage, medicinal","digestive system applications, genitourinary system applications, immune system applications, minerals, nervous system applications",entire plant
77301,"environmental, material, medicinal, poison","dye/tannin, erosion control, insects, nitrogen fixation, revegetation, Unspecified","entire plant, roots, Unspecified"
7735,"food & beverage, medicinal","blood system applications, digestive system applications, immune system applications, vitamins","fruits, leaves, seeds, stems"
7736,"food & beverage, material","dye/tannin, lipids/oil & fats, minerals, timber wood, vitamins","bark, fruits, Unspecified"
7745,"food additive, material, medicinal","condiment/seasoning, lipids/oil & fats, timber wood, Unspecified","bark, Unspecified"
7746,material,timber wood,bark
7766,animal food (feed),"minerals, vitamins",leaves
7769,"animal food (feed), food & beverage, material","fibres, minerals, timber wood, vitamins","bark, fruits, leaves"
777,"environmental, food & beverage, fuels, material, medicinal","agroforestry, fuelwood, honey, minerals, ornamental/turf, respiratory applications, shade & shelter, soil improvers, Unspecified, vitamins","bark, entire plant, flowers, fruits, leaves, seeds"
7770,"environmental, fuels, material, medicinal","blood system applications, cover crop, dental applications, digestive system applications, dye/tannin, erosion control, fuelwood, genitourinary system applications, manure/fertilizer, pollution control, skin applications","bark, entire plant, leaves, roots, seeds"
77795,"environmental, medicinal, poison","genitourinary system applications, mammals, muscular/skeletal applications, ornamental/turf","entire plant, leaves, stems"
7795,"environmental, food & beverage, food additive","agroforestry, condiment/seasoning, minerals, ornamental/turf, vitamins","bulbs, entire plant, flowers, fruits, leaves, seeds"
77954,animal food (feed),"protein, vitamins",entire plant
7797,"food & beverage, fuels, material, medicinal","lipids/oil & fats, minerals, non-wood fuel, Unspecified, vitamins","flowers, fruits, leaves, seeds"
78092,"animal food (feed), environmental","cover crop, manure/fertilizer, protein, vitamins",entire plant
7813,"environmental, food & beverage","minerals, ornamental/turf, vitamins","entire plant, fruits"
78215,animal food (feed),"protein, vitamins",entire plant
7829,"animal food (feed), environmental, food & beverage","minerals, ornamental/turf, shade & shelter, vitamins","entire plant, fruits"
7832,"animal food (feed), environmental, food & beverage","cover crop, manure/fertilizer, minerals, vitamins","entire plant, fruits, leaves, seeds"
784,"food & beverage, food additive, material, medicinal","condiment/seasoning, cosmetics & perfumery, digestive system applications, essential oils, genitourinary system applications, metabolic system applications, muscular/skeletal applications, skin applications, vitamins","fruits, leaves, seeds"
7846,"food additive, material, medicinal","condiment/seasoning, lipids/oil & fats, Unspecified",Unspecified
7848,"animal food (feed), environmental, food & beverage","minerals, shade & shelter, vitamins","bark, entire plant, fruits, leaves"
7849,"animal food (feed), environmental, food & beverage, medicinal","minerals, shade & shelter, Unspecified, vitamins","bark, entire plant, fruits, leaves"
7852,food & beverage,"minerals, vitamins","bark, fruits"
7856,food & beverage,"minerals, vitamins",flowers
78565,"animal food (feed), environmental","pioneer, protein, vitamins",entire plant
7858,material,timber wood,bark
7859,"food & beverage, medicinal","digestive system applications, minerals, skin applications",roots
7874,food & beverage,"minerals, vitamins",fruits
7895,"environmental, food additive, material, medicinal","condiment/seasoning, gums/resins, latex/rubber, shade & shelter, timber wood, Unspecified","bark, entire plant, exudates, Unspecified"
7896,"environmental, food additive, material, medicinal","condiment/seasoning, gums/resins, latex/rubber, shade & shelter, Unspecified","entire plant, exudates, Unspecified"
7898,medicinal,Unspecified,Unspecified
7900,"food additive, material, medicinal","blood system applications, condiment/seasoning, immune system applications, lipids/oil & fats","fruits, leaves, seeds"
7929,"fuels, material","fuelwood, timber wood",bark
7936,"environmental, fuels, material","charcoal, fuelwood, honey, ornamental/turf, shade & shelter","bark, entire plant, flowers"
7937,material,fibres,leaves
7938,material,canes,bark
7944,"food & beverage, medicinal, social","digestive system applications, minerals, muscular/skeletal applications, nervous system applications, smoking material","flowers, leaves"
7964,food & beverage,"minerals, vitamins",bulbs
7978,social,smoking material,leaves
7987,food additive,condiment/seasoning,Unspecified
7994,material,timber wood,bark
7995,material,timber wood,bark
8001,"food & beverage, food additive, medicinal","blood system applications, digestive system applications, genitourinary system applications, skin applications, starch, Unspecified","buds, leaves, roots, seeds"
8002,"environmental, food & beverage, medicinal","muscular/skeletal applications, ornamental/turf, sensory applications, skin applications, Unspecified","buds, flowers, fruits, leaves, seeds"
8005,"environmental, food & beverage, medicinal","minerals, nervous system applications, ornamental/turf, starch, vitamins","entire plant, flowers, leaves, roots, seeds"
801,"animal food (feed), environmental, material, medicinal, poison","agroforestry, blood system applications, cover crop, fibres, mammals, manure/fertilizer, minerals, nitrogen fixation, vitamins","bark, entire plant, roots, seeds"
8028,material,timber wood,bark
803,"animal food (feed), environmental, food & beverage","erosion control, minerals, vitamins","entire plant, fruits, seeds"
8037,"food additive, medicinal","condiment/seasoning, Unspecified",leaves
8039,"food & beverage, material","dye/tannin, minerals, timber wood, vitamins","bark, leaves, stems"
8047,"environmental, material, medicinal","immune system applications, lipids/oil & fats, ornamental/turf, respiratory applications, skin applications","entire plant, flowers, roots, seeds"
8058,"animal food (feed), environmental, food & beverage, fuels, material","fuelwood, lipids/oil & fats, minerals, ornamental/turf, revegetation, timber wood, vitamins","bark, entire plant, fruits, leaves"
8059,"animal food (feed), fuels, material, medicinal","charcoal, fuelwood, minerals, timber wood, Unspecified, vitamins","bark, leaves, stems"
8060,"fuels, material","fuelwood, lipids/oil & fats","bark, fruits"
8076,"environmental, food & beverage, food additive, material","condiment/seasoning, fibres, minerals, ornamental/turf, timber wood, vitamins","bark, entire plant, fruits, leaves, unspecified part"
8078,animal food (feed),"minerals, vitamins",entire plant
8079,"animal food (feed), material","honey, minerals, vitamins","entire plant, flowers"
8094,"animal food (feed), environmental, food & beverage, material, medicinal","cosmetics & perfumery, digestive system applications, dye/tannin, erosion control, living fence, minerals, muscular/skeletal applications, skin applications, vitamins","entire plant, fruits"
810,"food & beverage, food additive, medicinal","condiment/seasoning, minerals, Unspecified, vitamins",entire plant
8108,"food & beverage, material","lipids/oil & fats, timber wood, Unspecified","bark, Unspecified"
8110,"environmental, material","agroforestry, lipids/oil & fats","entire plant, Unspecified"
8120,"environmental, food additive, material","condiment/seasoning, essential oils, ornamental/turf","entire plant, leaves"
8128,animal food (feed),"minerals, vitamins",entire plant
8129,animal food (feed),"protein, vitamins",entire plant
8138,food & beverage,"minerals, starch, vitamins",seeds
8143,"animal food (feed), environmental, food & beverage, fuels, material","lipids/oil & fats, manure/fertilizer, minerals, non-wood fuel, starch, vitamins","bark, entire plant, leaves, seeds"
8144,"animal food (feed), food & beverage, fuels, material","lipids/oil & fats, minerals, non-wood fuel, starch, vitamins","bark, entire plant, leaves, seeds"
8146,animal food (feed),"minerals, vitamins",entire plant
8148,"animal food (feed), environmental","erosion control, minerals, vitamins",entire plant
815,"environmental, food & beverage, material","agroforestry, lipids, lipids/oil & fats, minerals, vitamins","entire plant, fruits, seeds"
8156,medicinal,"blood system applications, digestive system applications, skin applications","leaves, roots"
817,"food & beverage, material, medicinal","blood system applications, cosmetics & perfumery, lipids, lipids/oil & fats, minerals, protein, respiratory applications, skin applications, vitamins","bark, fruits, leaves, seeds"
8174,"food additive, medicinal, poison","blood system applications, condiment/seasoning, digestive system applications, mammals, respiratory applications, skin applications",leaves
819,"environmental, food & beverage, material, medicinal","agroforestry, digestive system applications, lipids, lipids/oil & fats, minerals, protein, vitamins","entire plant, flowers, fruits, leaves, seeds"
8196,material,canes,bark
820,"animal food (feed), environmental, food & beverage","agroforestry, lipids, minerals, protein, vitamins","entire plant, flowers, fruits, leaves, seeds"
8207,"food & beverage, material","minerals, timber wood, vitamins","bark, fruits"
821,"food & beverage, material","lipids, lipids/oil & fats, minerals, protein, vitamins","flowers, fruits, seeds"
8220,material,"latex/rubber, lipids/oil & fats, timber wood, waxes","bark, exudates, seeds"
8227,medicinal,"digestive system applications, genitourinary system applications, respiratory applications, sensory applications",roots
8230,"material, medicinal","cosmetics & perfumery, digestive system applications, nervous system applications, respiratory applications",roots
8245,"food & beverage, fuels, material","fibres, fuelwood, lipids, lipids/oil & fats, minerals, protein","bark, seeds, Unspecified"
8267,"animal food (feed), environmental","erosion control, minerals, vitamins",entire plant
8278,animal food (feed),"minerals, vitamins",entire plant
828,"environmental, food additive, material, medicinal","agroforestry, blood system applications, condiment/seasoning, digestive system applications, dye/tannin, lipids/oil & fats, metabolic system applications, nervous system applications","entire plant, roots"
8280,"animal food (feed), food & beverage","minerals, protein, starch, vitamins","leaves, seeds"
8281,"animal food (feed), environmental, food & beverage","erosion control, minerals, vitamins","entire plant, seeds"
8283,"animal food (feed), environmental","erosion control, minerals, vitamins",entire plant
8286,"animal food (feed), food & beverage","minerals, starch, vitamins","entire plant, seeds"
8288,"animal food (feed), environmental","erosion control, minerals, vitamins",entire plant
8289,"animal food (feed), environmental, fuels","alcohol, erosion control, minerals, non-wood fuel, petroleum substitutes/alcohol, vitamins","bark, entire plant"
8290,animal food (feed),"minerals, vitamins",entire plant
8292,"material, medicinal","lipids/oil & fats, Unspecified",Unspecified
8295,"food & beverage, material, medicinal","nervous system applications, respiratory applications, skin applications, Unspecified, vitamins","flowers, leaves"
8296,"food & beverage, food additive, material, medicinal, poison","condiment/seasoning, lipids/oil & fats, mammals, minerals, muscular/skeletal applications, nervous system applications, respiratory applications","exudates, seeds"
830,"animal food (feed), environmental, food & beverage, food additive, material, medicinal","blood system applications, digestive system applications, emulsifier, gums/resins, lipids, minerals, protein, soil improvers, stabiliser, starch, vitamins","entire plant, fruits, seeds"
8309,"animal food (feed), environmental, food & beverage, fuels, material, medicinal","charcoal, dye/tannin, honey, immune system applications, lipids, lipids/oil & fats, manure/fertilizer, minerals, muscular/skeletal applications, ornamental/turf, protein, respiratory applications, shade & shelter, skin applications, timber wood, vitamins","bark, entire plant, flowers, fruits, leaves, seeds, stems"
8323,"animal food (feed), environmental, food & beverage, fuels, material, medicinal, poison","dental applications, digestive system applications, dye/tannin, fibres, fish, fuelwood, genitourinary system applications, gums/resins, minerals, protein, respiratory applications, shade & shelter, skin applications, soil improvers, timber wood, vitamins, windbreak","bark, entire plant, fruits, leaves, roots, seeds, stems, Unspecified"
8328,"environmental, food & beverage, material, medicinal","digestive system applications, essential oils, minerals, nervous system applications, paper, protein, shade & shelter, skin applications, timber wood, vitamins","bark, entire plant, flowers, leaves, seeds"
8336,"fuels, material","fibres, latex/rubber, non-wood fuel, paper","bark, entire plant, roots"
8348,"animal food (feed), environmental","erosion control, minerals, vitamins",entire plant
8353,"animal food (feed), environmental","cover crop, erosion control, minerals, vitamins",entire plant
8354,"animal food (feed), environmental","erosion control, minerals, ornamental/turf, vitamins",entire plant
83541,"animal food (feed), environmental, food & beverage","manure/fertilizer, minerals, vitamins","entire plant, leaves"
8355,animal food (feed),"minerals, vitamins",entire plant
83552,"environmental, fuels, material, medicinal, poison","agroforestry, blood system applications, dye/tannin, fish, fuelwood, genitourinary system applications, mammals, nervous system applications, sensory applications","bark, entire plant, stems"
8357,animal food (feed),"minerals, vitamins",entire plant
8360,animal food (feed),"minerals, vitamins",entire plant
8368,"environmental, food & beverage","agroforestry, minerals, vitamins","entire plant, fruits"
8370,"food & beverage, medicinal","muscular/skeletal applications, nervous system applications, skin applications, vitamins","entire plant, fruits"
8386,"food & beverage, medicinal","blood system applications, digestive system applications, genitourinary system applications, immune system applications, minerals, nervous system applications, vitamins",seeds
8390,"environmental, material, medicinal","agroforestry, fibres, lipids/oil & fats, ornamental/turf, revegetation, shade & shelter, timber wood, Unspecified","bark, entire plant, flowers, fruits, leaves, roots, seeds"
8403,"environmental, food additive, material, medicinal, poison","blood system applications, condiment/seasoning, cosmetics & perfumery, digestive system applications, essential oils, immune system applications, insects, mammals, metabolic system applications, ornamental/turf","entire plant, leaves"
8409,"environmental, food & beverage, poison","mammals, ornamental/turf, Unspecified","entire plant, flowers, roots, seeds"
841,"environmental, food additive, material, poison","agroforestry, condiment/seasoning, cosmetics & perfumery, erosion control, essential oils, insects, ornamental/turf, soil improvers","entire plant, leaves"
8410,"animal food (feed), environmental, fuels, material, medicinal, non-vertebrate food","dye/tannin, fuelwood, minerals, ornamental/turf, protein, revegetation, shade & shelter, timber wood, Unspecified, vitamins, windbreak","bark, entire plant, leaves, stems"
8418,"animal food (feed), food & beverage, fuels","minerals, non-wood fuel, starch, vitamins","leaves, seeds"
8424,"animal food (feed), environmental","erosion control, minerals, vitamins",entire plant
843,"environmental, material","agroforestry, essential oils","entire plant, leaves"
8432,"animal food (feed), environmental, food & beverage, food additive, fuels, material, medicinal","agroforestry, charcoal, condiment/seasoning, digestive system applications, dye/tannin, fuelwood, genitourinary system applications, lipids/oil & fats, manure/fertilizer, minerals, nitrogen fixation, non-wood fuel, ornamental/turf, vitamins","bark, entire plant, fruits, leaves, roots, seeds"
8450,environmental,nitrogen fixation,roots
8451,material,timber wood,bark
8452,"animal food (feed), environmental, food additive, fuels, material, medicinal, poison","aromatics, condiment/seasoning, cosmetics & perfumery, essential oils, immune system applications, lipids/oil & fats, mammals, metabolic system applications, minerals, ornamental/turf, petroleum substitutes/alcohol, protein, respiratory applications, vitamins","entire plant, leaves, seeds"
8466,"environmental, food & beverage, fuels, medicinal","cover crop, fuelwood, immune system applications, minerals, vitamins","bark, entire plant, fruits, leaves, stems"
847,"food & beverage, material, medicinal","blood system applications, digestive system applications, dye/tannin, endocrine system applications, minerals, muscular/skeletal applications, vitamins","flowers, leaves"
8473,"fuels, medicinal, poison","dental applications, fuelwood, immune system applications, mammals, sensory applications","bark, fruits, leaves, stems"
848,"animal food (feed), environmental, medicinal","blood system applications, digestive system applications, erosion control, genitourinary system applications, immune system applications, minerals, ornamental/turf, revegetation, skin applications, vitamins","entire plant, roots"
8487,"animal food (feed), environmental","minerals, protein, revegetation, vitamins",entire plant
8488,"animal food (feed), environmental, food & beverage","erosion control, minerals, pollution control, protein, vitamins","entire plant, seeds"
8490,animal food (feed),"minerals, vitamins","entire plant, seeds"
8492,animal food (feed),"minerals, vitamins",entire plant
8516,"animal food (feed), environmental","erosion control, minerals, protein, revegetation, vitamins","entire plant, seeds"
8524,"animal food (feed), environmental, food & beverage, fuels, material","charcoal, dye/tannin, erosion control, fibres, minerals, ornamental/turf, vitamins","bark, entire plant, fruits, leaves, roots, unspecified part"
8526,"animal food (feed), environmental, food & beverage, material, medicinal","blood system applications, digestive system applications, genitourinary system applications, immune system applications, minerals, ornamental/turf, sensory applications, sugar, timber wood, Unspecified, vitamins","bark, bulbs, entire plant, fruits, leaves, roots, Unspecified"
8530,material,fibres,leaves
8532,"animal food (feed), environmental, food & beverage, fuels, material, medicinal","alcohol, erosion control, fibres, minerals, ornamental/turf, paper, petroleum substitutes/alcohol, Unspecified, vitamins","entire plant, leaves, seedlings"
8533,"animal food (feed), material","canes, minerals, vitamins","bark, entire plant"
8537,"animal food (feed), environmental, food & beverage, fuels, material, medicinal","blood system applications, charcoal, cosmetics & perfumery, digestive system applications, dye/tannin, endocrine system applications, fuelwood, genitourinary system applications, lipids/oil & fats, minerals, nutritional applications, ornamental/turf, respiratory applications, skin applications, soil improvers, timber wood, vitamins","bark, entire plant, flowers, fruits, leaves, roots, seeds, stems"
8544,material,timber wood,bark
8552,"environmental, food & beverage, medicinal, poison","blood system applications, digestive system applications, mammals, ornamental/turf, vitamins","entire plant, fruits"
8556,"environmental, food & beverage","ornamental/turf, vitamins","entire plant, fruits"
856,"animal food (feed), food & beverage, material, medicinal, poison","blood system applications, cosmetics & perfumery, digestive system applications, genitourinary system applications, insects, metabolic system applications, minerals, nervous system applications, vitamins","entire plant, roots"
8565,"environmental, food & beverage, food additive, material, medicinal","colorant, digestive system applications, dye/tannin, genitourinary system applications, immune system applications, minerals, ornamental/turf, respiratory applications, vitamins","bulbs, entire plant, fruits, leaves, roots"
8566,"food & beverage, food additive, medicinal, poison","colorant, digestive system applications, mammals, minerals, vitamins","bark, entire plant, fruits, leaves"
8571,"material, medicinal","gums/resins, immune system applications, nervous system applications, respiratory applications, skin applications, timber wood","bark, exudates"
8576,"environmental, material","ornamental/turf, timber wood","bark, entire plant"
8588,"animal food (feed), medicinal",Unspecified,Unspecified
859,"environmental, food & beverage, medicinal","agroforestry, blood system applications, minerals, respiratory applications, shade & shelter, vitamins","entire plant, fruits"
8594,"environmental, food additive, material","agroforestry, condiment/seasoning, essential oils","entire plant, fruits, leaves"
8595,"environmental, food additive, material, medicinal","agroforestry, condiment/seasoning, digestive system applications, essential oils, immune system applications","entire plant, seeds"
8596,"food additive, medicinal","digestive system applications, genitourinary system applications, skin applications, Unspecified","leaves, roots"
8615,material,timber wood,bark
8616,material,timber wood,bark
8619,"environmental, fuels, material","erosion control, fuelwood, gums/resins, ornamental/turf, shade & shelter, timber wood","bark, entire plant, stems"
8620,"environmental, material","gums/resins, shade & shelter, timber wood","bark, entire plant, stems"
8621,"environmental, fuels, material","agroforestry, fuelwood, gums/resins, timber wood","bark, entire plant, exudates"
8622,"environmental, fuels, material","agroforestry, fuelwood, gums/resins, ornamental/turf, timber wood","bark, entire plant, exudates"
8623,"environmental, fuels, material","agroforestry, fuelwood, gums/resins, ornamental/turf, timber wood","bark, entire plant, exudates"
8626,material,timber wood,bark
8627,material,timber wood,bark
8628,material,timber wood,entire plant
8631,material,timber wood,entire plant
8632,food & beverage,"minerals, protein",seeds
8633,material,timber wood,bark
8634,"environmental, fuels, material","agroforestry, charcoal, dye/tannin, erosion control, fuelwood, gums/resins, ornamental/turf, shade & shelter, timber wood, windbreak","bark, entire plant, stems"
8635,material,timber wood,bark
8637,"environmental, fuels, material","agroforestry, charcoal, fuelwood, gums/resins, paper, pioneer, timber wood","bark, entire plant, exudates"
8638,material,timber wood,bark
8640,"environmental, fuels, material","fuelwood, shade & shelter, timber wood","bark, entire plant"
8642,"food additive, material, medicinal","blood system applications, cosmetics & perfumery, immune system applications, respiratory applications, Unspecified","exudates, fruits, leaves"
8645,material,timber wood,bark
8646,material,timber wood,bark
8647,"environmental, food & beverage, fuels, material","fuelwood, lipids/oil & fats, minerals, ornamental/turf, protein, shade & shelter, timber wood, vitamins","bark, entire plant, seeds"
8648,material,timber wood,bark
8653,"environmental, material","latex/rubber, shade & shelter",Unspecified
8654,material,timber wood,bark
8657,material,timber wood,bark
8658,"environmental, material, medicinal","digestive system applications, erosion control, fibres, immune system applications, latex/rubber, respiratory applications, skin applications, timber wood, Unspecified","bark, entire plant, exudates, leaves, Unspecified"
8659,"environmental, material","erosion control, latex/rubber, timber wood","bark, entire plant, exudates"
866,"animal food (feed), food & beverage","minerals, vitamins","entire plant, seeds"
8660,environmental,"erosion control, windbreak",entire plant
8661,material,timber wood,bark
8662,material,timber wood,bark
8674,"food additive, material, medicinal","condiment/seasoning, essential oils, Unspecified","fruits, leaves, roots"
8690,"environmental, food additive, material, medicinal","cosmetics & perfumery, digestive system applications, erosion control, immune system applications, ornamental/turf, other material/chemicals, respiratory applications, revegetation, sweetener","bulbs, entire plant, exudates"
870,"medicinal, poison, social","mammals, muscular/skeletal applications, nervous system applications, respiratory applications, sensory applications, skin applications, smoking material","entire plant, leaves, seeds"
8700,"animal food (feed), environmental, food & beverage, fuels, material, medicinal, poison","agroforestry, dye/tannin, fuelwood, gums/resins, honey, lipids/oil & fats, living fence, mammals, minerals, nitrogen fixation, ornamental/turf, protein, shade & shelter, Unspecified, vitamins","bark, entire plant, exudates, flowers, fruits, leaves, roots, seeds, stems"
8709,"fuels, medicinal","digestive system applications, petroleum substitutes/alcohol",seeds
871,"animal food (feed), food & beverage, food additive, material, medicinal","condiment/seasoning, cosmetics & perfumery, digestive system applications, endocrine system applications, essential oils, minerals, nervous system applications, nutritional applications, sensory applications, vitamins","leaves, roots, seeds"
8737,medicinal,"blood system applications, digestive system applications, skin applications","leaves, seeds"
8738,medicinal,"digestive system applications, skin applications",seeds
8739,medicinal,"digestive system applications, skin applications",seeds
8744,"environmental, material, medicinal","blood system applications, dye/tannin, ornamental/turf, shade & shelter, skin applications, timber wood","bark, entire plant, leaves, roots"
8753,"food & beverage, medicinal","digestive system applications, immune system applications, minerals, starch, vitamins","bark, flowers, leaves, roots"
8765,"animal food (feed), environmental","minerals, ornamental/turf, vitamins",entire plant
8768,animal food (feed),"minerals, vitamins",entire plant
8770,animal food (feed),"minerals, vitamins",entire plant
8771,animal food (feed),"minerals, vitamins",entire plant
8777,animal food (feed),"minerals, vitamins",entire plant
8779,animal food (feed),"minerals, vitamins",entire plant
8780,animal food (feed),"minerals, vitamins",entire plant
8785,"food & beverage, material","minerals, timber wood, vitamins","bark, fruits"
8794,material,timber wood,bark
880,"environmental, fuels, material, medicinal","fuelwood, gums/resins, honey, living fence, non-wood fuel, ornamental/turf, shade & shelter, timber wood, Unspecified","bark, entire plant, flowers, fruits, stems"
8802,material,timber wood,bark
8815,"environmental, medicinal, poison","blood system applications, mammals, ornamental/turf, skin applications","entire plant, fruits, roots"
8819,medicinal,"blood system applications, digestive system applications, nutritional applications, skin applications",entire plant
882,"food & beverage, material","canes, fibres, minerals, vitamins","bark, bulbs"
8821,"food & beverage, medicinal","blood system applications, digestive system applications, skin applications, starch, vitamins","leaves, roots"
885,poison,"fish, insects, mammals",entire plant
8852,"animal food (feed), environmental, food & beverage, food additive","agroforestry, erosion control, starch, sweetener, vitamins","entire plant, leaves, roots"
8853,"food additive, medicinal","digestive system applications, respiratory applications, sweetener","leaves, roots"
8866,"animal food (feed), environmental, fuels, material, medicinal","agroforestry, erosion control, fuelwood, minerals, paper, timber wood, Unspecified, vitamins","bark, entire plant, leaves, Unspecified"
8872,environmental,"erosion control, windbreak",entire plant
8882,"animal food (feed), environmental, food & beverage, medicinal","minerals, ornamental/turf, Unspecified, vitamins","bulbs, entire plant, leaves"
889,"environmental, food & beverage","minerals, ornamental/turf, vitamins","entire plant, fruits"
8894,"material, medicinal","blood system applications, cosmetics & perfumery, digestive system applications, muscular/skeletal applications, skin applications",entire plant
8912,"food & beverage, food additive, material","colorant, condiment/seasoning, minerals, starch, timber wood, vitamins","bark, fruits"
8917,"environmental, food & beverage, food additive, material, medicinal","condiment/seasoning, lipids/oil & fats, minerals, muscular/skeletal applications, protein, shade & shelter, skin applications, timber wood, vitamins","bark, entire plant, fruits, seeds"
892,"animal food (feed), environmental","cover crop, minerals, protein, vitamins",entire plant
893,animal food (feed),"minerals, vitamins",entire plant
8933,"environmental, medicinal","digestive system applications, muscular/skeletal applications, nervous system applications, ornamental/turf, respiratory applications, skin applications","entire plant, flowers, leaves"
894,animal food (feed),"minerals, vitamins",entire plant
8944,"animal food (feed), environmental, food additive, fuels, material, medicinal, poison","charcoal, condiment/seasoning, dental applications, digestive system applications, dye/tannin, erosion control, fish, fuelwood, genitourinary system applications, manure/fertilizer, minerals, muscular/skeletal applications, nitrogen fixation, ornamental/turf, protein, respiratory applications, sensory applications, shade & shelter, skin applications, timber wood, vitamins","bark, entire plant, fruits, leaves, roots, seeds, stems"
8946,"animal food (feed), environmental, food & beverage, fuels","agroforestry, erosion control, fuelwood, minerals, ornamental/turf, shade & shelter, vitamins","bark, entire plant, fruits, leaves, seeds"
8947,"animal food (feed), environmental, fuels, material, medicinal","charcoal, fuelwood, honey, minerals, nitrogen fixation, ornamental/turf, timber wood, Unspecified, vitamins","bark, bulbs, entire plant, flowers, fruits, leaves, roots, Unspecified"
8951,"animal food (feed), environmental, food & beverage, food additive, fuels, material, medicinal","charcoal, digestive system applications, dye/tannin, erosion control, fibres, fuelwood, gums/resins, ornamental/turf, protein, respiratory applications, revegetation, sensory applications, shade & shelter, skin applications, soil improvers, sweetener, timber wood","bark, entire plant, exudates, fruits, roots"
8953,"animal food (feed), environmental, food & beverage, fuels, material","agroforestry, charcoal, dye/tannin, fuelwood, gums/resins, honey, minerals, nitrogen fixation, ornamental/turf, protein, revegetation, shade & shelter, timber wood, vitamins","bark, entire plant, exudates, flowers, fruits, leaves, roots, seeds, stems"
8955,fuels,fuelwood,bark
8958,"animal food (feed), environmental, food & beverage, fuels, material","charcoal, erosion control, fuelwood, minerals, protein, shade & shelter, timber wood, vitamins","bark, entire plant, fruits, leaves"
8959,material,timber wood,bark
8965,"food & beverage, material, medicinal, poison, social","blood system applications, digestive system applications, mammals, minerals, respiratory applications, smoking material, timber wood, vitamins","bark, exudates, fruits, leaves, seeds, shoots"
8967,"environmental, food & beverage, fuels, material, medicinal","agroforestry, charcoal, digestive system applications, fuelwood, immune system applications, lipids/oil & fats, living fence, manure/fertilizer, minerals, nervous system applications, ornamental/turf, respiratory applications, revegetation, shade & shelter, timber wood, vitamins, windbreak","bark, entire plant, fruits, leaves, seeds"
8970,"food & beverage, material","gums/resins, lipids/oil & fats, minerals, timber wood, vitamins","bark, fruits, seeds"
8980,"environmental, medicinal, poison","mammals, muscular/skeletal applications, nervous system applications, ornamental/turf, respiratory applications, skin applications","entire plant, fruits, leaves, seeds"
8983,"environmental, food & beverage","minerals, ornamental/turf, vitamins","entire plant, fruits"
8992,"environmental, food & beverage","minerals, ornamental/turf, vitamins","entire plant, fruits"
8995,"environmental, food & beverage, material, medicinal","blood system applications, cosmetics & perfumery, digestive system applications, dye/tannin, shade & shelter, vitamins","flowers, fruits, leaves, stems, Unspecified"
900,"animal food (feed), environmental","cover crop, ornamental/turf, protein, vitamins",entire plant
9001,"animal food (feed), environmental","erosion control, minerals, vitamins",entire plant
9018,"environmental, food & beverage, material","minerals, ornamental/turf, timber wood, vitamins","bark, entire plant, fruits"
902,"animal food (feed), environmental","cover crop, minerals, mulch, vitamins",entire plant
9029,animal food (feed),"minerals, protein, vitamins",entire plant
9041,"environmental, material, medicinal","digestive system applications, dye/tannin, erosion control, genitourinary system applications, honey, nitrogen fixation, ornamental/turf, respiratory applications, sensory applications, timber wood","bark, entire plant, exudates, flowers, roots, stems"
9042,"food & beverage, material, medicinal","dye/tannin, minerals, timber wood, Unspecified, vitamins","bark, flowers, leaves, stems"
9043,"animal food (feed), environmental, fuels, material, medicinal","charcoal, digestive system applications, dye/tannin, genitourinary system applications, gums/resins, honey, immune system applications, living fence, minerals, nitrogen fixation, ornamental/turf, respiratory applications, timber wood, vitamins","bark, entire plant, flowers, leaves, roots, stems"
9044,"animal food (feed), food & beverage, fuels, medicinal","digestive system applications, fuelwood, minerals, vitamins","bark, leaves, stems"
9045,material,timber wood,bark
9046,material,"gums/resins, latex/rubber, timber wood","bark, Unspecified"
9049,"material, medicinal","dye/tannin, Unspecified","bark, stems, Unspecified"
9065,animal food (feed),"minerals, vitamins",entire plant
9068,"food & beverage, food additive, medicinal","condiment/seasoning, metabolic system applications, respiratory applications, vitamins",leaves
9086,"food & beverage, material","minerals, timber wood, vitamins","bark, fruits"
909,"animal food (feed), environmental","erosion control, minerals, vitamins",entire plant
9096,"animal food (feed), environmental, food & beverage, fuels","fuelwood, minerals, ornamental/turf, protein, revegetation, shade & shelter","bark, entire plant, fruits"
9097,"animal food (feed), environmental, food & beverage, fuels, material","fuelwood, minerals, ornamental/turf, protein, revegetation, timber wood, vitamins","bark, entire plant, fruits, leaves"
9098,"animal food (feed), environmental, material","minerals, shade & shelter, timber wood, vitamins","bark, entire plant, leaves"
910,"animal food (feed), environmental","erosion control, minerals, vitamins",entire plant
9107,material,timber wood,bark
9114,"environmental, fuels, material","dye/tannin, fuelwood, shade & shelter, timber wood","bark, entire plant, Unspecified"
9118,fuels,fuelwood,bark
912,"animal food (feed), environmental","cover crop, erosion control, minerals, vitamins",entire plant
9121,"fuels, material","fuelwood, timber wood",bark
9122,material,timber wood,bark
9123,"environmental, material","erosion control, timber wood",entire plant
9138,"animal food (feed), environmental, food & beverage, fuels, material, medicinal","blood system applications, dye/tannin, fuelwood, immune system applications, minerals, ornamental/turf, timber wood","bark, entire plant, fruits, leaves, stems"
9140,"fuels, material","dye/tannin, fuelwood","bark, stems"
9143,material,"cork/cork substitutes, timber wood","bark, stems"
9146,fuels,fuelwood,bark
9149,"environmental, medicinal","digestive system applications, ornamental/turf, Unspecified","entire plant, fruits, seeds"
9168,food & beverage,"minerals, vitamins",seeds
9175,material,"fibres, timber wood","bark, leaves"
9185,"environmental, food additive","agroforestry, condiment/seasoning","entire plant, roots"
920,"animal food (feed), environmental","erosion control, minerals, ornamental/turf, vitamins",entire plant
921,"animal food (feed), environmental","erosion control, minerals, vitamins",entire plant
9213,"environmental, food & beverage, medicinal","blood system applications, digestive system applications, erosion control, genitourinary system applications, living fence, minerals, muscular/skeletal applications, ornamental/turf, respiratory applications, shade & shelter, vitamins, windbreak","entire plant, fruits, leaves, roots"
922,"animal food (feed), environmental","erosion control, minerals, vitamins",entire plant
9228,"food & beverage, food additive, medicinal","condiment/seasoning, digestive system applications, endocrine system applications, vitamins","leaves, roots"
9270,animal food (feed),"minerals, vitamins",entire plant
9279,food & beverage,"minerals, vitamins",fruits
9282,food & beverage,"minerals, vitamins",fruits
9285,"food & beverage, medicinal","digestive system applications, minerals, nutritional applications, vitamins",fruits
9287,food & beverage,"minerals, vitamins",fruits
9290,"food & beverage, material, medicinal","blood system applications, cosmetics & perfumery, digestive system applications, minerals, skin applications, vitamins","fruits, leaves"
9291,"environmental, food & beverage, material, medicinal","agroforestry, digestive system applications, genitourinary system applications, lipids, lipids/oil & fats, manure/fertilizer, minerals, ornamental/turf, skin applications, timber wood, vitamins","bark, entire plant, roots, seeds, stems"
9292,"environmental, food & beverage","minerals, protein, shade & shelter, vitamins","entire plant, fruits, seeds"
9297,"animal food (feed), environmental, food additive, fuels, material, medicinal","charcoal, colorant, cosmetics & perfumery, digestive system applications, endocrine system applications, fuelwood, minerals, muscular/skeletal applications, ornamental/turf, shade & shelter, timber wood","bark, entire plant, flowers, leaves, stems"
9312,"environmental, food & beverage, food additive, medicinal, social","blood system applications, condiment/seasoning, digestive system applications, living fence, metabolic system applications, minerals, nutritional applications, ornamental/turf, smoking material, vitamins","entire plant, flowers, fruits, leaves"
932,material,timber wood,bark
9324,environmental,shade & shelter,entire plant
9326,"environmental, food additive, material, medicinal","antioxidant, condiment/seasoning, cosmetics & perfumery, digestive system applications, endocrine system applications, erosion control, essential oils, metabolic system applications, muscular/skeletal applications, ornamental/turf, preservative","entire plant, leaves"
9344,"material, medicinal","digestive system applications, dye/tannin, endocrine system applications",roots
9359,"environmental, food & beverage, medicinal","blood system applications, digestive system applications, living fence, minerals, skin applications, vitamins","entire plant, flowers, fruits, leaves, roots"
936,"animal food (feed), environmental, food & beverage, non-vertebrate food","agroforestry, minerals, protein, starch, vitamins","entire plant, roots"
9373,"food & beverage, medicinal","blood system applications, digestive system applications, minerals, vitamins","fruits, roots"
9374,food & beverage,"minerals, vitamins",fruits
938,"food & beverage, poison","mammals, minerals, vitamins",unspecified part
939,"animal food (feed), environmental, food & beverage, material","agroforestry, gums/resins, minerals, vitamins","entire plant, roots"
9398,"food additive, medicinal","condiment/seasoning, digestive system applications, nutritional applications, skin applications","leaves, roots"
9405,animal food (feed),"minerals, vitamins",entire plant
9412,animal food (feed),"minerals, vitamins",entire plant
9419,"food & beverage, medicinal","blood system applications, digestive system applications, minerals, Unspecified","leaves, roots, seeds, Unspecified"
942,"environmental, food & beverage","agroforestry, minerals, vitamins","entire plant, roots"
9421,"environmental, food additive, material, medicinal","condiment/seasoning, essential oils, ornamental/turf, Unspecified","entire plant, leaves"
9432,"animal food (feed), environmental, food & beverage, food additive, fuels, material","fibres, manure/fertilizer, minerals, non-wood fuel, paper, sweetener, vitamins, waxes","bark, seeds"
9434,"animal food (feed), environmental, food & beverage, food additive, fuels, material","fibres, manure/fertilizer, minerals, non-wood fuel, paper, sweetener, vitamins, waxes","bark, fruits, seeds"
9437,fuels,fuelwood,bark
9441,food & beverage,"minerals, vitamins",roots
9449,"environmental, food & beverage, material","cork/cork substitutes, living fence, minerals, vitamins","entire plant, fruits, Unspecified"
945,"food & beverage, material, medicinal","blood system applications, cosmetics & perfumery, digestive system applications, dye/tannin, minerals, nutritional applications, vitamins",fruits
9450,"environmental, food & beverage","living fence, minerals, vitamins","entire plant, fruits, seeds"
9468,"animal food (feed), food & beverage, material","lipids/oil & fats, protein",bark
9477,"animal food (feed), environmental, material","minerals, ornamental/turf, timber wood, vitamins","bark, entire plant, leaves"
9481,environmental,erosion control,entire plant
9506,"animal food (feed), environmental, food & beverage, fuels, material, medicinal","charcoal, dental applications, digestive system applications, fuelwood, genitourinary system applications, honey, lipids/oil & fats, minerals, respiratory applications, revegetation, shade & shelter, skin applications, vitamins, windbreak","bark, bulbs, entire plant, flowers, fruits, leaves, roots, seeds"
9516,"food additive, material","condiment/seasoning, essential oils","flowers, Unspecified"
952,"animal food (feed), environmental, fuels, medicinal","digestive system applications, erosion control, fuelwood, genitourinary system applications, immune system applications, minerals, nervous system applications, ornamental/turf, shade & shelter, vitamins","bark, entire plant, leaves, Unspecified"
9527,"animal food (feed), environmental, food & beverage, medicinal, poison","mammals, minerals, ornamental/turf, Unspecified, vitamins","entire plant, flowers, fruits, leaves"
9528,"animal food (feed), food & beverage","minerals, vitamins","fruits, leaves"
9531,"food & beverage, material, medicinal","digestive system applications, lipids/oil & fats, metabolic system applications, skin applications, timber wood, vitamins","bark, fruits, leaves, seeds, stems"
9535,"animal food (feed), food additive","condiment/seasoning, minerals, vitamins","entire plant, leaves"
9536,"food & beverage, material, medicinal","blood system applications, dye/tannin, skin applications, vitamins","entire plant, leaves, roots"
9537,medicinal,"blood system applications, respiratory applications, skin applications","leaves, roots"
9539,material,fibres,leaves
9545,"food & beverage, fuels, material","fuelwood, honey, lipids/oil & fats, minerals, vitamins","bark, flowers, fruits, seeds"
9546,"animal food (feed), environmental, food & beverage, fuels, material, medicinal","agroforestry, dye/tannin, essential oils, fuelwood, lipids/oil & fats, living fence, manure/fertilizer, minerals, ornamental/turf, timber wood, Unspecified, vitamins, windbreak","bark, entire plant, fruits, leaves, roots, seeds, stems"
9549,"fuels, material","essential oils, fuelwood, timber wood","bark, roots, unspecified part"
9551,medicinal,"genitourinary system applications, muscular/skeletal applications, skin applications",flowers
9554,material,waxes,Unspecified
9558,"environmental, fuels, material, poison","agroforestry, dye/tannin, erosion control, honey, mammals, petroleum substitutes/alcohol, soil improvers, waxes","entire plant, exudates, flowers, leaves, seeds, Unspecified"
9559,"material, medicinal, poison","digestive system applications, mammals, metabolic system applications, other material/chemicals, respiratory applications, skin applications",roots
9582,"food additive, material, medicinal","blood system applications, condiment/seasoning, cosmetics & perfumery, digestive system applications, essential oils, genitourinary system applications, muscular/skeletal applications, nervous system applications, respiratory applications","flowers, leaves"
9584,"environmental, food additive, material","condiment/seasoning, essential oils, ornamental/turf","entire plant, leaves"
9593,"animal food (feed), environmental, food & beverage, food additive, medicinal","colorant, living fence, minerals, Unspecified, vitamins","bulbs, entire plant, flowers, fruits, leaves, roots"
9612,"environmental, fuels, material","agroforestry, charcoal, fuelwood, honey, latex/rubber, ornamental/turf, shade & shelter","bark, entire plant, exudates, flowers"
9615,"environmental, fuels, material","fuelwood, nitrogen fixation, paper","bark, roots"
9616,material,timber wood,bark
9621,"food & beverage, fuels, material","dye/tannin, lipids, lipids/oil & fats, minerals, non-wood fuel, timber wood, vitamins, waxes","bark, fruits, seeds, stems, Unspecified"
963,"food & beverage, fuels, material, medicinal","digestive system applications, immune system applications, minerals, non-wood fuel, skin applications, timber wood, vitamins","bark, bulbs, fruits, leaves, roots, seeds"
9639,"environmental, food & beverage, material","fibres, ornamental/turf, pollution control, Unspecified","bulbs, entire plant, leaves, roots"
9645,food & beverage,"minerals, vitamins",fruits
9664,animal food (feed),"minerals, vitamins",entire plant
9673,animal food (feed),"minerals, vitamins",entire plant
969,animal food (feed),"minerals, vitamins",entire plant
9691,medicinal,"blood system applications, digestive system applications, endocrine system applications, genitourinary system applications, nervous system applications",entire plant
970,"animal food (feed), environmental, food & beverage","minerals, revegetation, vitamins","entire plant, leaves, seeds"
9702,"environmental, medicinal","ornamental/turf, Unspecified","entire plant, Unspecified"
9712,"animal food (feed), environmental, food & beverage, fuels, material","agroforestry, fibres, fuelwood, gums/resins, manure/fertilizer, minerals, nitrogen fixation, paper, protein, soil improvers, vitamins","bark, entire plant, exudates, leaves, roots, seeds"
9713,"animal food (feed), fuels, material","fuelwood, gums/resins, minerals, vitamins","bark, leaves, Unspecified"
9714,environmental,cover crop,entire plant
9715,"animal food (feed), environmental, fuels, material","erosion control, fibres, fuelwood, living fence, manure/fertilizer, minerals, nitrogen fixation, ornamental/turf, paper, revegetation, shade & shelter, soil improvers, vitamins","bark, entire plant, leaves, roots"
9716,"animal food (feed), environmental","minerals, shade & shelter, soil improvers, vitamins","entire plant, leaves"
9717,"animal food (feed), environmental","minerals, shade & shelter, soil improvers, vitamins","entire plant, leaves"
9719,animal food (feed),"minerals, vitamins",leaves
972,"animal food (feed), environmental, food & beverage, food additive, fuels, material","agroforestry, cosmetics & perfumery, lipids, lipids/oil & fats, petroleum substitutes/alcohol, protein, shade & shelter, soil improvers, sweetener, vitamins, waxes","entire plant, flowers, fruits, leaves, seeds, shoots"
9722,"animal food (feed), environmental, food & beverage, fuels, material, poison","agroforestry, charcoal, erosion control, fibres, fuelwood, living fence, mammals, manure/fertilizer, minerals, nitrogen fixation, protein, shade & shelter, soil improvers, support, vitamins, windbreak","bark, entire plant, flowers, leaves, roots, seeds, stems"
9732,"animal food (feed), food & beverage, poison","mammals, minerals, protein, starch, vitamins","entire plant, seeds"
9735,"animal food (feed), environmental","erosion control, minerals, vitamins",entire plant
9736,animal food (feed),"minerals, vitamins",entire plant
9737,animal food (feed),"minerals, vitamins",entire plant
9744,material,"paper, timber wood",bark
9747,"animal food (feed), environmental, food & beverage, material","agroforestry, lipids/oil & fats, minerals, protein, starch, timber wood, vitamins, waxes","bark, entire plant, leaves, seeds, Unspecified"
9750,material,timber wood,bark
9751,material,timber wood,bark
9784,medicinal,endocrine system applications,entire plant
9785,"environmental, food & beverage, material, medicinal, poison","agroforestry, digestive system applications, erosion control, immune system applications, lipids/oil & fats, mammals, manure/fertilizer, minerals, muscular/skeletal applications, skin applications, timber wood, vitamins","bark, entire plant, leaves, roots, seeds, stems"
9786,"animal food (feed), environmental, food & beverage, fuels, material","agroforestry, cosmetics & perfumery, erosion control, lipids/oil & fats, living fence, minerals, petroleum substitutes/alcohol, protein, vitamins, waxes, windbreak","entire plant, leaves, seeds"
9787,"animal food (feed), environmental, food & beverage, food additive, material","condiment/seasoning, lipids/oil & fats, minerals, pollution control, protein, soil improvers, vitamins","entire plant, seeds"
9797,medicinal,"digestive system applications, respiratory applications",entire plant
9802,"environmental, material","ornamental/turf, timber wood","bark, entire plant"
9804,"environmental, medicinal","digestive system applications, living fence, metabolic system applications, skin applications","entire plant, leaves, roots"
9825,"environmental, food & beverage","minerals, ornamental/turf, vitamins","entire plant, fruits, leaves"
984,"environmental, food additive, material, medicinal, social","agroforestry, aromatics, condiment/seasoning, cosmetics & perfumery, essential oils, metabolic system applications, nervous system applications, other socio-cultural uses","entire plant, fruits"
9848,"medicinal, poison","digestive system applications, mammals, metabolic system applications, nervous system applications",bark
985,"animal food (feed), environmental, food & beverage, material","erosion control, fibres, minerals, vitamins","entire plant, seedlings, seeds, Unspecified"
9856,"food additive, medicinal","condiment/seasoning, Unspecified","fruits, roots, seeds"
9863,food & beverage,"minerals, vitamins",fruits
9864,"food & beverage, medicinal","minerals, Unspecified, vitamins",fruits
9868,"food & beverage, medicinal","endocrine system applications, immune system applications, minerals, vitamins",leaves
9878,"environmental, food & beverage, food additive","condiment/seasoning, minerals, ornamental/turf, vitamins","entire plant, fruits, leaves"
988,"food & beverage, medicinal","minerals, Unspecified, vitamins","bark, entire plant, leaves"
9916,food & beverage,"minerals, starch",roots
9922,food & beverage,"minerals, vitamins","leaves, roots"
9938,material,timber wood,bark
9941,"food & beverage, material, medicinal","blood system applications, digestive system applications, skin applications, timber wood, vitamins","bark, fruits, leaves, stems"
9942,"environmental, food & beverage","living fence, minerals, ornamental/turf, shade & shelter, vitamins, windbreak","entire plant, fruits"
9970,animal food (feed),"minerals, vitamins",entire plant
9979,"fuels, material, medicinal","fuelwood, gums/resins, timber wood, Unspecified","bark, exudates, Unspecified"
9984,"environmental, material, medicinal, poison","digestive system applications, dye/tannin, essential oils, fibres, mammals, shade & shelter","bark, entire plant, flowers"
